name,class,source_capsule,release_year,status,price_now,listings_now,volume_30d,price_1y,price_2y,price_3y,cagr,supply_trend,confidence,cagr_1y,cagr_2y,cagr_3y,months_supply,vol_trend_1y,baseline_cagr,excess_cagr,excess_horizon,lag_score,as_of,tournament,tour_year,age_years,variant,steam_liquidity,offsteam_listings,offsteam_median,offsteam_censored,price_ratio_off_steam,supply_basis,status_detail
10 Year Birthday Sticker Capsule,capsule,,2022,unknown,1.0439,,4327,0.962,0.8454999999999999,1.094,-0.01550422082428271,,hist/vol/unknown,0.08513513513513526,0.11114987776513807,-0.01550422082428271,,0.32567401960784315,0.38881278964920807,-0.4043170104734908,3y,,2025-12-08,,,,,,1200,0.56,1,0.5364498515183447,single snapshot (t0 established),no source names this item
2021 Community Sticker Capsule,capsule,,2021,unknown,0.96675,,574,1.0755,1.0125,1.183,-0.06507563358209001,,hist/vol/unknown,-0.10111576011157597,-0.02285373929241541,-0.06507563358209001,,-0.6175882744836776,0.38881278964920807,-0.4538884232312981,3y,,2026-02-03,,,,,,133,0.71,0,0.734419446599431,single snapshot (t0 established),no source names this item
Ambush Sticker Capsule,capsule,,2024,unknown,1.021433660933661,,4471,1.0394999999999999,,,-0.017379835561653567,,hist/vol/unknown,-0.017379835561653567,,,,1.6146198830409357,0.39778300330979377,-0.41516283887144734,1y,,2025-11-01,,,,,,1200,0.74,1,0.7244719146259473,single snapshot (t0 established),no source names this item
Antwerp 2022 Challengers Autograph Capsule,capsule,,2022,unknown,0.3359868548720066,,20390,0.346,0.631,0.193,0.20297054166185546,,hist/vol/unknown,-0.028939725803449168,-0.27029644245825724,0.20297054166185546,,0.025499170145350192,0.38881278964920807,-0.1858422479873526,3y,,2025-10-07,Antwerp 2022,2022,3.75,,,199,0.76,0,2.261993256520468,single snapshot (t0 established),no source names this item
Antwerp 2022 Challengers Sticker Capsule,capsule,,2022,unknown,0.4163569154792922,,16147,0.2365,0.6114999999999999,0.471,-0.040271720942606004,,hist/vol/unknown,0.7604943572063096,-0.17484666260166448,-0.040271720942606004,,-0.5372026368586988,0.38881278964920807,-0.4290845105918141,3y,,2026-02-15,Antwerp 2022,2022,4.0833333333332575,,,1200,0.42,1,1.0087499075559103,single snapshot (t0 established),no source names this item
Antwerp 2022 Contenders Autograph Capsule,capsule,,2022,unknown,0.8265667845075709,,25483,0.645,0.592,0.564,0.13588129632415114,,hist/vol/unknown,0.28149889070941225,0.18162078372592072,0.13588129632415114,,-0.08433345310815665,0.38881278964920807,-0.25293149332505693,3y,,2026-05-08,Antwerp 2022,2022,4.3333333333332575,,,1200,1.15,1,1.3912971360022832,single snapshot (t0 established),no source names this item
Antwerp 2022 Contenders Sticker Capsule,capsule,,2022,unknown,0.7819285467216983,,21528,0.313,0.7285,0.459,0.19431291234563441,,hist/vol/unknown,1.4981742706763526,0.036021471624031465,0.19431291234563441,,-0.6138683120190842,0.38881278964920807,-0.19449987730357365,3y,,2026-02-15,Antwerp 2022,2022,4.0833333333332575,,,1200,1.31,1,1.675344896272538,single snapshot (t0 established),no source names this item
Antwerp 2022 Legends Autograph Capsule,capsule,,2022,unknown,0.39189856853672644,,16528,0.278,0.387,1.243,-0.31938604487755085,,hist/vol/unknown,0.4097070810673611,0.006308998189175741,-0.31938604487755085,,0.04780017750729049,0.38881278964920807,-0.7081988345267589,3y,,2026-04-16,Antwerp 2022,2022,4.25,,,332,0.61,0,1.556525205686824,single snapshot (t0 established),no source names this item
Antwerp 2022 Legends Sticker Capsule,capsule,,2022,unknown,0.7289316857971648,,69992,0.514,1.1955,0.283,0.3707769650192825,,hist/vol/unknown,0.4181550307337836,-0.21914818477661613,0.3707769650192825,,0.8840376850605653,0.38881278964920807,-0.01803582462992559,3y,,2025-11-14,Antwerp 2022,2022,3.8333333333332575,,,1200,0.55,1,0.7545288683651009,single snapshot (t0 established),no source names this item
Austin 2025 Challengers Autograph Capsule,capsule,,2025,unknown,0.3694365284974093,,10572,,,,,,hist/vol/unknown,,,,,,,,,,2026-03-22,Austin 2025,2025,1.1666666666667425,,,1200,0.28,1,0.757910976315282,single snapshot (t0 established),no source names this item
Austin 2025 Challengers Sticker Capsule,capsule,,2025,unknown,0.40146074162166034,,75491,,,,,,hist/vol/unknown,,,,,,,,,,2026-01-16,Austin 2025,2025,1.0,,,1200,0.31,1,0.7721801109313606,single snapshot (t0 established),no source names this item
Austin 2025 Champions Autograph Capsule,capsule,,2025,unknown,0.2838095557141651,,30831,,,,,,hist/vol/unknown,,,,,,,,,,2025-10-02,Austin 2025,2025,0.75,,,384,0.29,0,1.0218119656692233,single snapshot (t0 established),no source names this item
Austin 2025 Contenders Autograph Capsule,capsule,,2025,unknown,0.28788178499139017,,58486,,,,,,hist/vol/unknown,,,,,,,,,,2025-10-02,Austin 2025,2025,0.75,,,547,0.46,0,1.597878101296883,single snapshot (t0 established),no source names this item
Austin 2025 Contenders Sticker Capsule,capsule,,2025,unknown,0.5927613290834208,,102431,,,,,,hist/vol/unknown,,,,,,,,,,2026-03-11,Austin 2025,2025,1.1666666666667425,,,1200,0.37,1,0.6241972643055615,single snapshot (t0 established),no source names this item
Austin 2025 Legends Autograph Capsule,capsule,,2025,unknown,0.2941043184695702,,76517,,,,,,hist/vol/unknown,,,,,,,,,,2025-10-02,Austin 2025,2025,0.75,,,1200,0.27,1,0.9180416030781128,single snapshot (t0 established),no source names this item
Austin 2025 Legends Sticker Capsule,capsule,,2025,unknown,0.32490183989698,,80024,,,,,,hist/vol/unknown,,,,,,,,,,2026-03-12,Austin 2025,2025,1.1666666666667425,,,1200,0.26,1,0.8002416978692423,single snapshot (t0 established),no source names this item
Battlefield 2042 Sticker Capsule,capsule,,2021,unknown,1.0827261904761905,,417,1.108,1.046,1.103,-0.006164795608666451,,hist/vol/unknown,-0.022810297404160296,0.017404089219802632,-0.006164795608666451,,-0.06292134831460672,0.38881278964920807,-0.3949775852578745,3y,,2026-04-13,,,,,,405,0.57,0,0.5264488889377563,single snapshot (t0 established),no source names this item
Berlin 2019 Legends Autograph Capsule,capsule,,2019,unknown,1.44696875,,5505,1.1389999999999998,0.8035000000000001,0.615,0.3300297193967985,,hist/vol/unknown,0.27038520632133456,0.3419509291341867,0.3300297193967985,,0.6383928571428572,0.38881278964920807,-0.058783070252409586,3y,,2026-01-19,Berlin 2019,2019,7.0,,,127,1.52,0,1.0504718916700861,single snapshot (t0 established),no source names this item
Berlin 2019 Minor Challengers Autograph Capsule,capsule,,2019,unknown,2.4506306356099485,,3227,2.4375,2.2350000000000003,0.822,0.4392470466278413,,hist/vol/unknown,0.005386927429722466,0.04712894697492631,0.4392470466278413,,0.8129213483146067,0.38881278964920807,0.05043425697863324,3y,,2025-11-09,Berlin 2019,2019,6.8333333333332575,,,130,1.82,0,0.7426659789336274,single snapshot (t0 established),no source names this item
Berlin 2019 Returning Challengers Autograph Capsule,capsule,,2019,unknown,1.3236662452591657,,2432,1.037,0.8895000000000001,0.638,0.27541818565753595,,hist/vol/unknown,0.2764380378584048,0.21987763983337594,0.27541818565753595,,0.2214967353088899,0.38881278964920807,-0.11339460399167212,3y,,2025-12-06,Berlin 2019,2019,6.9166666666667425,,,301,1.53,0,1.1558804989398483,single snapshot (t0 established),no source names this item
Boston 2018 Attending Legends Autograph Capsule,capsule,,2018,unknown,12.963500000000002,,106,11.618,16.788,13.407,-0.011150448537213697,,hist/vol/unknown,0.11581167154415573,-0.12125745069827187,-0.011150448537213697,,-0.15873015873015872,0.38881278964920807,-0.39996323818642177,3y,,2025-10-18,Boston 2018,2018,7.75,,,58,8.8,0,0.6788290199406024,single snapshot (t0 established),no source names this item
Boston 2018 Legends Autograph Capsule,capsule,,2017,unknown,114.77749999999999,,6,,160.916,119.9685,-0.014636409877393786,,hist/vol/unknown,,-0.1554433881375491,-0.014636409877393786,,,0.38881278964920807,-0.40344919952660185,3y,,2026-01-19,Boston 2018,2018,8.0,,,9,223.73,0,1.9492496351636863,single snapshot (t0 established),no source names this item
Boston 2018 Minor Challengers Autograph Capsule,capsule,,2017,unknown,355.972,,1,,,,,,hist/vol/unknown,,,,,,,,,,2026-02-01,Boston 2018,2018,8.083333333333258,,,3,560.8,0,1.5754048071196611,single snapshot (t0 established),no source names this item
Boston 2018 Minor Challengers with Flash Gaming Autograph Capsule,capsule,,2018,unknown,20.12,,59,20.159,22.43,26.584,-0.08868353672486773,,hist/vol/unknown,-0.0019346197728060677,-0.05289233499417001,-0.08868353672486773,,0.5128205128205128,0.38881278964920807,-0.4774963263740758,3y,,2026-05-07,Boston 2018,2018,8.333333333333258,,,22,13.02,0,0.647117296222664,single snapshot (t0 established),no source names this item
Boston 2018 Returning Challengers Autograph Capsule,capsule,,2017,unknown,17.848333333333333,,211,14.827,14.946,20.188,-0.040227893500413114,,hist/vol/unknown,0.20377239720330032,0.09278907643008694,-0.040227893500413114,,-0.5422993492407809,0.38881278964920807,-0.4290406831496212,3y,,2026-05-09,Boston 2018,2018,8.333333333333258,,,87,11.22,0,0.6286301241946027,single snapshot (t0 established),no source names this item
Budapest 2025 Challengers Sticker Capsule,capsule,,2025,unknown,0.343608838454784,,537005,,,,,,hist/vol/unknown,,,,,,,,,,2026-04-11,Budapest 2025,2025,1.25,,,1200,0.26,1,0.7566743660297719,single snapshot (t0 established),no source names this item
Budapest 2025 Legends Sticker Capsule,capsule,,2025,unknown,0.29419208346288805,,245327,,,,,,hist/vol/unknown,,,,,,,,,,2026-03-22,Budapest 2025,2025,1.1666666666667425,,,1200,0.31,1,1.053733317195485,single snapshot (t0 established),no source names this item
CS20 Sticker Capsule,capsule,,2019,unknown,1.0707477698483499,,3926,0.9785,1.016,1.028,0.013673332426397566,,hist/vol/unknown,0.09427467536877865,0.026589304563630733,0.013673332426397566,,0.3608318890814559,0.38881278964920807,-0.3751394572228105,3y,,2025-11-05,,,,,,102,0.69,0,0.6444094673180826,single snapshot (t0 established),no source names this item
Chicken Capsule,capsule,,2019,unknown,1.09125,,174,1.0590000000000002,1.113,1.114,-0.006854173374347683,,hist/vol/unknown,0.030453257790368227,-0.009819096819041473,-0.006854173374347683,,-0.7549295774647887,0.38881278964920807,-0.39566696302355575,3y,,2026-03-08,,,,,,841,0.71,0,0.6506300114547536,single snapshot (t0 established),no source names this item
Collectible Pins Capsule Series 1,capsule,,2016,unknown,10.9020375,,133,10.81,10.719000000000001,10.155,0.02394331411951689,,hist/vol/unknown,0.008514107308048136,0.00850185253469471,0.02394331411951689,,0.46153846153846145,0.38881278964920807,-0.3648694755296912,3y,,2025-11-18,,,,,,291,7.57,0,0.6943656174361903,single snapshot (t0 established),no source names this item
Collectible Pins Capsule Series 2,capsule,,2016,unknown,10.552055555555556,,140,11.2305,11.875499999999999,10.691,-0.004351035265215297,,hist/vol/unknown,-0.0604108850402425,-0.05736712388573462,-0.004351035265215297,,0.15702479338842967,0.38881278964920807,-0.39316382491442337,3y,,2026-04-20,,,,,,142,9.18,0,0.8699726751501813,single snapshot (t0 established),no source names this item
Collectible Pins Capsule Series 3,capsule,,2018,unknown,11.150555555555556,,324,11.302500000000002,9.463000000000001,11.143,0.0002259669301214462,,hist/vol/unknown,-0.01344343680110116,0.08551001056879981,0.0002259669301214462,,0.4086956521739131,0.38881278964920807,-0.3885868227190866,3y,,2026-03-12,,,,,,153,6.03,0,0.5407802301828509,single snapshot (t0 established),no source names this item
Community Capsule 2018,capsule,,2018,unknown,1.2084343434343436,,845,1.091,1.0645,1.085,0.036567943087223,,hist/vol/unknown,0.10763917821663038,0.06546379505649091,0.036567943087223,,1.046004842615012,0.38881278964920807,-0.35224484656198507,3y,,2025-10-16,Community Capsule 2018,2018,7.75,,,1084,0.69,0,0.5709867513687464,single snapshot (t0 established),no source names this item
Community Sticker Capsule 1,capsule,,2014,discontinued,3.760513844301766,,2149,2.139,3.193,7.3629999999999995,-0.2006613786368835,,hist/vol/status,0.7580709884533736,0.08523586181070653,-0.2006613786368835,,-0.5720828355236958,0.38881278964920807,-0.5894741682860916,3y,,2026-04-22,,,,,,75,2.51,0,0.6674619756561605,single snapshot (t0 established),1 source(s) agree: steam_guide_2981848978=discontinued
Copenhagen 2024 Challengers Autograph Capsule,capsule,,2024,unknown,0.3674775219298245,,5080,0.214,,,0.717184681915068,,hist/vol/unknown,0.717184681915068,,,,-0.6457708667456942,0.39778300330979377,0.31940167860527424,1y,,2026-02-03,Copenhagen 2024,2024,2.0833333333332575,,,612,0.31,0,0.8435890129334204,single snapshot (t0 established),no source names this item
Copenhagen 2024 Contenders Autograph Capsule,capsule,,2024,unknown,0.2516745901767192,,11643,0.21,,,0.19845042941294877,,hist/vol/unknown,0.19845042941294877,,,,-0.4883772026189743,0.39778300330979377,-0.199332573896845,1y,,2026-03-10,Copenhagen 2024,2024,2.1666666666667425,,,1200,0.26,1,1.0330800571382073,single snapshot (t0 established),no source names this item
Copenhagen 2024 Contenders Sticker Capsule,capsule,,2024,unknown,0.7076898247424745,,29266,0.261,,,1.7114552672125463,,hist/vol/unknown,1.7114552672125463,,,,-0.3842625710077846,0.39778300330979377,1.3136722639027525,1y,,2026-03-11,Copenhagen 2024,2024,2.1666666666667425,,,1200,0.55,1,0.7771766397802071,single snapshot (t0 established),no source names this item
Copenhagen 2024 Legends Autograph Capsule,capsule,,2024,unknown,0.4582063953488372,,7898,0.411,,,0.11485740960787649,,hist/vol/unknown,0.11485740960787649,,,,-0.6523614595712839,0.39778300330979377,-0.2829255937019173,1y,,2026-02-13,Copenhagen 2024,2024,2.0833333333332575,,,1200,0.81,1,1.7677623189509146,single snapshot (t0 established),no source names this item
Copenhagen 2024 Legends Sticker Capsule,capsule,,2024,unknown,0.641665516016207,,41585,0.2635,,,1.4351632486383568,,hist/vol/unknown,1.4351632486383568,,,,-0.7967855118356496,0.39778300330979377,1.037380245328563,1y,,2025-10-17,Copenhagen 2024,2024,1.75,,,1200,0.58,1,0.9038977247849337,single snapshot (t0 established),no source names this item
Enfu Sticker Capsule,capsule,,2015,unknown,1.0892232835820894,,1488,1.0310000000000001,1.0485,1.246,-0.04383474564701417,,hist/vol/unknown,0.05647263199038721,0.019234793702810338,-0.04383474564701417,,1.7813084112149533,0.38881278964920807,-0.43264753529622224,3y,,2025-11-09,,,,,,43,0.72,0,0.6610214919682601,single snapshot (t0 established),no source names this item
Espionage Sticker Capsule,capsule,,2023,unknown,0.8931773504273506,,1975,0.8354999999999999,0.7565,,0.08658669920722506,,hist/vol/unknown,0.06903333384482435,0.08658669920722506,,,-0.5304327151688064,0.5939688266513692,-0.5073821274441441,2y,,2026-02-03,,,,,,60,0.61,0,0.6829550701304044,single snapshot (t0 established),no source names this item
Feral Predators Capsule,capsule,,2019,unknown,1.1371333333333333,,854,1.0625,0.875,1.128,0.002691723694020709,,hist/vol/unknown,0.07024313725490194,0.13999164575050815,0.002691723694020709,,0.10051546391752586,0.38881278964920807,-0.38612106595518736,3y,,2025-11-19,,,,,,1200,0.69,1,0.6067890015829278,single snapshot (t0 established),no source names this item
Half-Life: Alyx Collectible Pins Capsule,capsule,,2020,unknown,11.382083333333332,,50,11.838,9.4,11.0585,0.009660066328392558,,hist/vol/unknown,-0.03851298079630572,0.10039080743071183,0.009660066328392558,,-0.295774647887324,0.38881278964920807,-0.3791527233208155,3y,,2026-02-02,,,,,,69,7.55,0,0.6633232053300143,single snapshot (t0 established),no source names this item
Half-Life: Alyx Sticker Capsule,capsule,,2020,unknown,1.0896923076923077,,587,1.0819999999999999,0.9975,1.192,-0.0294694513022995,,hist/vol/unknown,0.007109341674961023,0.045190588413221766,-0.0294694513022995,,-0.21524064171122992,0.38881278964920807,-0.41828224095150757,3y,,2026-02-03,,,,,,1200,0.7,1,0.6423831709727515,single snapshot (t0 established),no source names this item
Halo Capsule,capsule,,2019,unknown,1.1213876745598057,,1452,1.069,1.045,1.092,0.008891306988252357,,hist/vol/unknown,0.04900624374163298,0.03590455794309455,0.008891306988252357,,-0.7254679523539421,0.38881278964920807,-0.3799214826609557,3y,,2026-04-16,,,,,,395,0.76,0,0.6777317222595064,single snapshot (t0 established),no source names this item
Katowice 2019 Returning Challengers Autograph Capsule,capsule,,2019,unknown,6.057722368421052,,623,6.5645,7.5095,5.329,0.043649209155005586,,hist/vol/unknown,-0.07719973060841612,-0.10184938453846248,0.043649209155005586,,2.4419889502762433,0.38881278964920807,-0.3451635804942025,3y,,2025-11-18,Katowice 2019,2019,6.8333333333332575,,,31,6.42,0,1.0598042646304664,single snapshot (t0 established),no source names this item
Krakow 2017 Challengers Autograph Capsule,capsule,,2017,unknown,32.536500000000004,,125,28.864,39.3945,59.173,-0.18075132349265421,,hist/vol/unknown,0.1272346175166299,-0.09120146068623758,-0.18075132349265421,,-0.5503597122302158,0.38881278964920807,-0.5695641131418623,3y,,2025-12-27,Krakow 2017,2017,8.916666666666742,,,73,31.82,0,0.9779785779048145,single snapshot (t0 established),no source names this item
Krakow 2017 Legends Autograph Capsule,capsule,,2017,unknown,33.72366666666667,,93,31.875,39.25449999999999,39.425,-0.050734504121772495,,hist/vol/unknown,0.057997385620915054,-0.07312179731896729,-0.050734504121772495,,-0.42944785276073616,0.38881278964920807,-0.43954729377098056,3y,,2026-02-11,Krakow 2017,2017,9.083333333333258,,,36,21.46,0,0.636348360696247,single snapshot (t0 established),no source names this item
London 2018 Legends Autograph Capsule,capsule,,2018,unknown,15.57,,123,11.323,11.853,11.442,0.10814235945359263,,hist/vol/unknown,0.3750772763401926,0.14612019257311837,0.10814235945359263,,0.5769230769230769,0.38881278964920807,-0.28067043019561544,3y,,2026-04-11,London 2018,2018,8.25,,,28,11.36,0,0.7296082209377006,single snapshot (t0 established),no source names this item
London 2018 Returning Challengers Autograph Capsule,capsule,,2018,unknown,9.804884615384616,,176,13.2655,10.889000000000001,7.795,0.0794655559408346,,hist/vol/unknown,-0.2608733469990112,-0.05108514661745012,0.0794655559408346,,1.1728395061728394,0.38881278964920807,-0.30934723370837347,3y,,2025-11-18,London 2018,2018,7.8333333333332575,,,57,9.98,0,1.0178600148277743,single snapshot (t0 established),no source names this item
Paris 2023 Challengers Autograph Capsule,capsule,,2023,unknown,0.1755287096594354,,60768,0.182,0.316,,-0.2547009994719658,,hist/vol/unknown,-0.035556540332772446,-0.2547009994719658,,,-0.08920863309352522,0.5939688266513692,-0.848669826123335,2y,,2025-12-28,Paris 2023,2023,2.9166666666667425,,,1200,0.26,1,1.4812391688200617,single snapshot (t0 established),no source names this item
Paris 2023 Challengers Sticker Capsule,capsule,,2023,unknown,0.1150249211079063,,370306,0.093,0.241,,-0.3091441320193751,,hist/vol/unknown,0.2368271086871645,-0.3091441320193751,,,-0.005614975416021073,0.5939688266513692,-0.9031129586707443,2y,,2026-03-13,Paris 2023,2023,3.1666666666667425,,,1200,0.26,1,2.2603797289814334,single snapshot (t0 established),no source names this item
Paris 2023 Champions Autograph Capsule,capsule,,2023,unknown,0.2359952419642275,,24867,0.1855,0.2345,,0.0031830831682293503,,hist/vol/unknown,0.2722115469769677,0.0031830831682293503,,,-0.12630876256060708,0.5939688266513692,-0.5907857434831398,2y,,2026-02-04,Paris 2023,2023,3.0833333333332575,,,112,0.27,0,1.1440908628188657,single snapshot (t0 established),no source names this item
Paris 2023 Contenders Autograph Capsule,capsule,,2023,unknown,0.13288522329974495,,60585,0.11499999999999999,0.2575,,-0.2816274506840758,,hist/vol/unknown,0.15552368086734747,-0.2816274506840758,,,-0.4540514724434993,0.5939688266513692,-0.875596277335445,2y,,2026-03-07,Paris 2023,2023,3.1666666666667425,,,1200,0.26,1,1.9565757090502556,single snapshot (t0 established),no source names this item
Paris 2023 Contenders Sticker Capsule,capsule,,2023,unknown,0.11721726000618557,,726114,0.086,0.2515,,-0.31730489645936955,,hist/vol/unknown,0.36299139542076264,-0.31730489645936955,,,-0.336776197109127,0.5939688266513692,-0.9112737231107387,2y,,2026-02-27,Paris 2023,2023,3.0833333333332575,,,1200,0.26,1,2.21810337476136,single snapshot (t0 established),no source names this item
Paris 2023 Legends Autograph Capsule,capsule,,2023,unknown,0.1893317856478158,,55717,0.16199999999999998,0.2595,,-0.14583241876569675,,hist/vol/unknown,0.1687147262210853,-0.14583241876569675,,,-0.09364934769170707,0.5939688266513692,-0.7398012454170659,2y,,2026-02-14,Paris 2023,2023,3.0833333333332575,,,1200,0.26,1,1.37325066211353,single snapshot (t0 established),no source names this item
Paris 2023 Legends Sticker Capsule,capsule,,2023,unknown,0.15426799644111777,,659106,0.094,0.216,,-0.1548942745269104,,hist/vol/unknown,0.6411488983097635,-0.1548942745269104,,,0.034612341772152,0.5939688266513692,-0.7488631011782796,2y,,2026-04-11,Paris 2023,2023,3.25,,,1200,0.26,1,1.6853787305083647,single snapshot (t0 established),no source names this item
Perfect World Sticker Capsule 1,capsule,,2017,unknown,1.1359821428571428,,460,1.1755,0.9549999999999998,1.144,-0.0023416846680910375,,hist/vol/unknown,-0.03361791334994224,0.09064664178303428,-0.0023416846680910375,,0.2137203166226913,0.38881278964920807,-0.3911544743172991,3y,,2026-03-16,,,,,,1189,0.7,0,0.6162068694490292,single snapshot (t0 established),no source names this item
Perfect World Sticker Capsule 2,capsule,,2017,unknown,1.0404137931034483,,784,1.0845,0.938,0.996,0.01464842968826452,,hist/vol/unknown,-0.04065118201618423,0.05317764327672636,0.01464842968826452,,0.4177215189873418,0.38881278964920807,-0.37416435996094355,3y,,2026-02-03,,,,,,193,0.81,0,0.7785363913562243,single snapshot (t0 established),no source names this item
Poorly Drawn Capsule,capsule,,2021,unknown,1.0535863095238094,,627,1.0885,1.0255,0.9859999999999999,0.022345605616311826,,hist/vol/unknown,-0.03207504866898547,0.013601458969148883,0.022345605616311826,,0.11764705882352944,0.38881278964920807,-0.36646718403289624,3y,,2025-11-18,,,,,,45,0.74,0,0.7023629609751275,single snapshot (t0 established),no source names this item
Rio 2022 Challengers Autograph Capsule,capsule,,2022,unknown,0.4060813963535816,,4662,0.396,0.406,0.277,0.13599854442628567,,hist/vol/unknown,0.025458071599953502,0.00010023679104853578,0.13599854442628567,,-0.10052093382211069,0.38881278964920807,-0.2528142452229224,3y,,2026-02-04,Rio 2022,2022,4.0833333333332575,,,384,0.42,0,1.034275403333915,single snapshot (t0 established),no source names this item
Rio 2022 Challengers Sticker Capsule,capsule,,2022,unknown,0.3245966487661919,,35499,0.1935,0.399,0.261,0.07539457545549211,,hist/vol/unknown,0.6775020608071931,-0.09804355121533703,0.07539457545549211,,-0.48280835688685564,0.38881278964920807,-0.31341821419371596,3y,,2025-12-29,Rio 2022,2022,3.9166666666667425,,,683,0.32,0,0.9858388902545236,single snapshot (t0 established),no source names this item
Rio 2022 Champions Autograph Capsule,capsule,,2022,unknown,0.4523062659846547,,4493,0.347,0.335,,0.16196727929970045,,hist/vol/unknown,0.30347627084914897,0.16196727929970045,,,-0.17332106715731366,0.5939688266513692,-0.43200154735166874,2y,,2025-08-30,Rio 2022,2022,3.5833333333332575,,,40,0.35,0,0.7738119639754767,single snapshot (t0 established),no source names this item
Rio 2022 Contenders Sticker Capsule,capsule,,2022,unknown,0.34190257356736165,,53111,0.2465,0.5455000000000001,0.966,-0.29263796365647254,,hist/vol/unknown,0.38702869601363754,-0.2083124643455262,-0.29263796365647254,,0.018212841011483683,0.38881278964920807,-0.6814507533056806,3y,,2025-10-31,Rio 2022,2022,3.75,,,1061,0.44,0,1.2869163148118603,single snapshot (t0 established),no source names this item
Rio 2022 Legends Autograph Capsule,capsule,,2022,unknown,0.39106589521054325,,6912,0.338,0.3485,0.28,0.11779965311183682,,hist/vol/unknown,0.1569996899720214,0.05931123938877825,0.11779965311183682,,0.041434383004369524,0.38881278964920807,-0.27101313653737125,3y,,2026-02-03,Rio 2022,2022,4.0833333333332575,,,111,0.25,0,0.6392784516926597,single snapshot (t0 established),no source names this item
Rio 2022 Legends Sticker Capsule,capsule,,2022,unknown,0.3041985472706298,,18682,0.234,0.326,0.539,-0.17360162060690587,,hist/vol/unknown,0.2999937917548281,-0.03401636756580284,-0.17360162060690587,,-0.3117447686413204,0.38881278964920807,-0.5624144102561139,3y,,2026-03-15,Rio 2022,2022,4.1666666666667425,,,511,0.49,0,1.6107900724590647,single snapshot (t0 established),no source names this item
Shanghai 2024 Challengers Sticker Capsule,capsule,,2024,unknown,0.6318749492298561,,12476,1.035,,,-0.38949280267646746,,hist/vol/unknown,-0.38949280267646746,,,,6.236658932714617,0.39778300330979377,-0.7872758059862612,1y,,2025-12-03,Shanghai 2024,2024,1.9166666666667425,,,1119,0.44,0,0.6963403131209462,single snapshot (t0 established),no source names this item
Shanghai 2024 Contenders Autograph Capsule,capsule,,2024,unknown,0.3363449914919076,,29668,0.954,,,-0.6474371158365748,,hist/vol/unknown,-0.6474371158365748,,,,10.008534322820037,0.39778300330979377,-1.0452201191463686,1y,,2025-12-08,Shanghai 2024,2024,1.9166666666667425,,,170,0.85,0,2.527167109668261,single snapshot (t0 established),no source names this item
Shanghai 2024 Contenders Sticker Capsule,capsule,,2024,unknown,1.5749714962882024,,37426,0.2815,,,4.594925386458979,,hist/vol/unknown,4.594925386458979,,,,-0.45754703307533984,0.39778300330979377,4.197142383149186,1y,,2026-03-12,Shanghai 2024,2024,2.1666666666667425,,,1200,0.61,1,0.38730859665562906,single snapshot (t0 established),no source names this item
Shanghai 2024 Legends Autograph Capsule,capsule,,2024,unknown,0.3192111314090854,,42447,0.315,,,0.013368671139953658,,hist/vol/unknown,0.013368671139953658,,,,-0.37780155670541327,0.39778300330979377,-0.3844143321698401,1y,,2026-01-26,Shanghai 2024,2024,2.0,,,1200,0.41,1,1.2844163616417372,single snapshot (t0 established),no source names this item
Skill Groups Capsule,capsule,,2018,unknown,1.1404137931034481,,758,1.114,1.098,1.105,0.010570759168898602,,hist/vol/unknown,0.02371076580201792,0.019131113679771383,0.010570759168898602,,-0.18054054054054058,0.38881278964920807,-0.37824203048030947,3y,,2026-04-13,,,,,,612,0.73,0,0.6401185292694728,single snapshot (t0 established),no source names this item
Slid3 Capsule,capsule,,2015,unknown,1.1323583333333334,,642,1.08,1.092,1.09,0.012789353875950704,,hist/vol/unknown,0.048479938271604794,0.018311436009721183,0.012789353875950704,,0.4758620689655173,0.38881278964920807,-0.37602343577325736,3y,,2026-04-15,,,,,,193,0.83,0,0.7329835225892863,single snapshot (t0 established),no source names this item
Sticker Capsule,capsule,,2014,discontinued,0.7591882104454684,,12392,0.7049999999999998,0.8674999999999999,0.691,0.03186718784590781,,hist/vol/status,0.0768627098517285,-0.06450819823136211,0.03186718784590781,,0.8082591565737633,0.38881278964920807,-0.35694560180330026,3y,,2025-11-02,,,,,,268,0.55,0,0.7244580361400461,single snapshot (t0 established),1 source(s) agree: steam_guide_2981848978=discontinued
Sticker Capsule 2,capsule,,2014,discontinued,13.094337497594458,,11857,16.2695,20.8985,18.016,-0.10089919659859703,,hist/vol/status,-0.1951604230250188,-0.20843933001943027,-0.10089919659859703,,1.3934194590230118,0.38881278964920807,-0.4897119862478051,3y,,2025-12-01,,,,,,301,11.0,0,0.8400577732184461,single snapshot (t0 established),1 source(s) agree: steam_guide_2981848978=discontinued
Stockholm 2021 Challengers Sticker Capsule,capsule,,2021,unknown,3.5629120445344125,,6166,2.5389999999999997,4.584,2.066,0.19919993061188124,,hist/vol/unknown,0.40327374735502675,-0.11838241089743928,0.19919993061188124,,0.25299735826051606,0.38881278964920807,-0.18961285903732683,3y,,2025-11-25,Stockholm 2021,2021,4.8333333333332575,,,586,2.585,0,0.7255301190961052,single snapshot (t0 established),no source names this item
Stockholm 2021 Finalists Autograph Capsule,capsule,,2021,unknown,0.826014950980392,,4283,0.6515,0.761,0.665,0.07495121345862876,,hist/vol/unknown,0.2678663867695965,0.041841434927940346,0.07495121345862876,,0.0659532105525138,0.38881278964920807,-0.3138615761905793,3y,,2026-02-03,Stockholm 2021,2021,5.0833333333332575,,,415,1.19,0,1.440651889639039,single snapshot (t0 established),no source names this item
Sugarface Capsule,capsule,,2016,unknown,1.06894382647386,,1210,1.077,1.052,1.133,-0.01921234417815909,,hist/vol/unknown,-0.00748019826011137,0.008020981393504822,-0.01921234417815909,,0.673582295988935,0.38881278964920807,-0.40802513382736716,3y,,2025-11-18,,,,,,1200,0.69,1,0.6454969689811603,single snapshot (t0 established),no source names this item
Team Roles Capsule,capsule,,2015,unknown,1.0898214285714287,,328,1.107,1.117,1.062,0.008657236654927791,,hist/vol/unknown,-0.015518131371789812,-0.012240796539472965,0.008657236654927791,,-0.22090261282660328,0.38881278964920807,-0.3801555529942803,3y,,2026-04-14,,,,,,700,0.69,0,0.6331312469277404,single snapshot (t0 established),no source names this item
The Boardroom Sticker Capsule,capsule,,2022,unknown,1.0927250000000002,,684,1.1,0.9454999999999999,1.162,-0.020280880019401648,,hist/vol/unknown,-0.006613636363636322,0.07504012198687016,-0.020280880019401648,,-0.33137829912023464,0.38881278964920807,-0.4090936696686097,3y,,2026-02-03,,,,,,297,0.74,0,0.6772060674003064,single snapshot (t0 established),no source names this item
"Warhammer 40,000 Adeptus Astartes Sticker Capsule",capsule,,2025,unknown,1.0899471153846154,,1081,,,,,,hist/vol/unknown,,,,,,,,,,2026-04-21,,,,,,1102,0.75,0,0.688106780057254,single snapshot (t0 established),no source names this item
"Warhammer 40,000 Imperium Sticker Capsule",capsule,,2025,unknown,1.1099,,268,,,,,,hist/vol/unknown,,,,,,,,,,2026-04-15,,,,,,1200,0.73,1,0.6577169114334624,single snapshot (t0 established),no source names this item
"Warhammer 40,000 Sticker Capsule",capsule,,2020,unknown,1.088930817610063,,518,1.08,1.1695,1.096,-0.002154633756508706,,hist/vol/unknown,0.008269275564873002,-0.035060618521881914,-0.002154633756508706,,-0.5908372827804107,0.38881278964920807,-0.3909674234057168,3y,,2026-02-18,,,,,,339,0.7,0,0.6428323899734318,single snapshot (t0 established),no source names this item
"Warhammer 40,000 Traitor Astartes Sticker Capsule",capsule,,2025,unknown,1.0673157894736842,,989,,,,,,hist/vol/unknown,,,,,,,,,,2025-11-03,,,,,,70,0.78,0,0.7308052665318803,single snapshot (t0 established),no source names this item
"Warhammer 40,000 Xenos Sticker Capsule",capsule,,2025,unknown,1.0725,,425,,,,,,hist/vol/unknown,,,,,,,,,,2026-03-12,,,,,,95,0.74,0,0.6899766899766899,single snapshot (t0 established),no source names this item
CS20 Case,case,,2019,discontinued,1.9711418152899725,,200077,1.19,0.647,0.941,0.2795072445748432,,hist/vol/status,0.6564216935209852,0.745447518727977,0.2795072445748432,,0.37751385589865394,0.38881278964920807,-0.10930554507436485,3y,,2026-04-14,,,,,,,,,,single snapshot (t0 established),1 source(s) agree: steam_guide_2981848978=discontinued
CS:GO Weapon Case,case,,2013,discontinued,206.94686954915005,,896,123.902,91.986,90.166,0.319082683840183,,hist/vol/status,0.6702464007776312,0.4999216148253227,0.319082683840183,,-0.7559248161263961,0.38881278964920807,-0.06973010580902506,3y,,2026-05-10,,,,,,,,,,single snapshot (t0 established),1 source(s) agree: steam_guide_2981848978=discontinued
CS:GO Weapon Case 2,case,,2013,discontinued,34.50032821261682,,3224,14.9145,12.2035,8.289,0.6085714724442299,,hist/vol/status,1.3132071616625982,0.6813936797316065,0.6085714724442299,,-0.3940988535989476,0.38881278964920807,0.21975868279502186,3y,,2026-03-09,,,,,,,,,,single snapshot (t0 established),1 source(s) agree: steam_guide_2981848978=discontinued
Chroma 2 Case,case,,2015,discontinued,5.864980338297569,,100154,4.359,2.419,1.822,0.47652021060694794,,hist/vol/status,0.3454875747413555,0.5570958459449766,0.47652021060694794,,0.1800037702059476,0.38881278964920807,0.08770742095773987,3y,,2026-03-27,,,,,,,,,,single snapshot (t0 established),1 source(s) agree: steam_guide_2981848978=discontinued
Chroma 3 Case,case,,2016,disputed,5.7788986185939315,,132550,4.774,2.5319999999999996,2.216,0.3764436602850596,,hist/vol/disputed,0.21049405500501295,0.5107433355752278,0.3764436602850596,,0.1894186161287139,0.38881278964920807,-0.012369129364148468,3y,,2026-05-09,,,,,,,,,,single snapshot (t0 established),sources disagree: steam_guide_2981848978=discontinued; steamdb_droppool=rare_pool
Chroma Case,case,,2015,discontinued,8.15822668752687,,21912,6.708,3.287,3.047,0.388591294264105,,hist/vol/status,0.21619360279172173,0.5754260860025189,0.388591294264105,,-0.23752522792121933,0.38881278964920807,-0.00022149538510307654,3y,,2026-05-12,,,,,,,,,,single snapshot (t0 established),1 source(s) agree: steam_guide_2981848978=discontinued
Clutch Case,case,,2018,disputed,1.2872851456653394,,356347,0.742,0.513,1.241,0.012280782472335439,,hist/vol/disputed,0.7348856410584088,0.58408578344992,0.012280782472335439,,0.04236784910914615,0.38881278964920807,-0.37653200717687263,3y,,2026-04-16,,,,,,,,,,single snapshot (t0 established),sources disagree: steam_guide_2981848978=discontinued; steamdb_droppool=rare_pool
Danger Zone Case,case,,2018,disputed,2.4248109158452227,,410682,1.349,0.769,0.874,0.4051482556805994,,hist/vol/disputed,0.7974877063344867,0.7757252463835678,0.4051482556805994,,0.448113174281906,0.38881278964920807,0.016335466031391355,3y,,2026-04-17,,,,,,,,,,single snapshot (t0 established),sources disagree: steam_guide_2981848978=discontinued; steamdb_droppool=rare_pool
Dreams & Nightmares Case,case,,2022,active_drop,2.27684153550382,,4833193,2.085,0.933,1.551,0.13651106728771034,,hist/vol/status,0.09201032877881055,0.5621602431908268,0.13651106728771034,,0.7334406184904425,0.38881278964920807,-0.2523017223614977,3y,,2026-05-01,,,,,,,,,,single snapshot (t0 established),3 source(s) agree: steam_guide_2981848978=active_drop; steamdb_droppool=active_drop; tradeit_droppool=active_drop
Falchion Case,case,,2015,discontinued,2.967033658008658,,67025,2.326,0.977,1.231,0.34077161374392184,,hist/vol/status,0.27559486586786663,0.7426651837603633,0.34077161374392184,,-0.03786802176191095,0.38881278964920807,-0.048041175905286226,3y,,2026-04-14,,,,,,,,,,single snapshot (t0 established),1 source(s) agree: steam_guide_2981848978=discontinued
Fever Case,case,,2025,disputed,0.9506300792485795,,5930751,2.115,,,-0.5505295133576458,,hist/vol/disputed,-0.5505295133576458,,,,0.24632606275770508,0.39778300330979377,-0.9483125166674395,1y,,2026-04-10,,,,,,,,,,single snapshot (t0 established),sources disagree: steam_guide_2981848978=purchase_only; steamdb_droppool=active_drop
Fracture Case,case,,2020,disputed,1.011705804051633,,1469177,0.359,0.245,0.646,0.1612897010696317,,hist/vol/disputed,1.818122016856916,1.0320953336663874,0.1612897010696317,,-0.5587781459022065,0.38881278964920807,-0.22752308857957637,3y,,2026-05-09,,,,,,,,,,single snapshot (t0 established),sources disagree: steam_guide_2981848978=discontinued; steamdb_droppool=active_drop
Gallery Case,case,,2024,disputed,1.634778462064836,,361180,0.845,,,0.9346490675323504,,hist/vol/disputed,0.9346490675323504,,,,-0.7146662706112105,0.39778300330979377,0.5368660642225567,1y,,2026-04-14,,,,,,,,,,single snapshot (t0 established),sources disagree: steam_guide_2981848978=purchase_only; steamdb_droppool=armory_exchange
Gamma 2 Case,case,,2016,disputed,5.118637814316822,,129818,5.162,2.797,2.242,0.31675890519633265,,hist/vol/disputed,-0.008400268439205383,0.35279181581324304,0.31675890519633265,,-0.007841398917795228,0.38881278964920807,-0.07205388445287542,3y,,2026-05-12,,,,,,,,,,single snapshot (t0 established),sources disagree: steam_guide_2981848978=discontinued; steamdb_droppool=rare_pool
Gamma Case,case,,2016,discontinued,5.199851467198393,,88419,5.229,2.9109999999999996,2.231,0.32585833350165094,,hist/vol/status,-0.005574399082349912,0.3365166283165124,0.32585833350165094,,-0.1268466582398483,0.38881278964920807,-0.06295445614755713,3y,,2026-05-09,,,,,,,,,,single snapshot (t0 established),1 source(s) agree: steam_guide_2981848978=discontinued
Glove Case,case,,2016,disputed,18.810479212050232,,65453,12.38,6.627,5.308,0.524601403269785,,hist/vol/disputed,0.5194248151898411,0.684773196341288,0.524601403269785,,-0.3334725050916497,0.38881278964920807,0.13578861362057693,3y,,2026-04-14,,,,,,,,,,single snapshot (t0 established),sources disagree: steam_guide_2981848978=discontinued; steamdb_droppool=rare_pool
Horizon Case,case,,2018,disputed,2.419714942230699,,162086,2.043,0.842,0.381,0.8518810041478844,,hist/vol/disputed,0.1843930211604008,0.6952199607243774,0.8518810041478844,,-0.11410019566904606,0.38881278964920807,0.4630682144986763,3y,,2026-02-28,,,,,,,,,,single snapshot (t0 established),sources disagree: steam_guide_2981848978=discontinued; steamdb_droppool=rare_pool
Huntsman Weapon Case,case,,2014,discontinued,13.096092785972239,,5757,13.6695,8.89,7.791000000000001,0.18900271513655986,,hist/vol/status,-0.04194792889482135,0.21372414396133377,0.18900271513655986,,-0.35654409299206435,0.38881278964920807,-0.1998100745126482,3y,,2026-03-12,,,,,,,,,,single snapshot (t0 established),1 source(s) agree: steam_guide_2981848978=discontinued
Kilowatt Case,case,,2024,active_drop,0.40130128174013174,,4616604,0.631,1.255,,-0.4345249983578613,,hist/vol/status,-0.36402332529297665,-0.4345249983578613,,,1.0292952154723185,0.5939688266513692,-1.0284938250092304,2y,,2026-05-01,,,,,,,,,,single snapshot (t0 established),3 source(s) agree: steam_guide_2981848978=active_drop; steamdb_droppool=active_drop; tradeit_droppool=active_drop
Operation Bravo Case,case,,2013,discontinued,69.14133036909541,,2360,58.379999999999995,40.3705,44.06400000000001,0.16203159836383652,,hist/vol/status,0.1843324831979345,0.308690053654318,0.16203159836383652,,-0.44561898050270143,0.38881278964920807,-0.22678119128537155,3y,,2026-02-18,,,,,,,,,,single snapshot (t0 established),1 source(s) agree: steam_guide_2981848978=discontinued
Operation Breakout Weapon Case,case,,2014,discontinued,13.030313682658734,,68927,11.065,7.772,6.919,0.2349153247041862,,hist/vol/status,0.1776153350798677,0.29482489087369856,0.2349153247041862,,0.009949009494783834,0.38881278964920807,-0.15389746494502188,3y,,2026-05-08,,,,,,,,,,single snapshot (t0 established),1 source(s) agree: steam_guide_2981848978=discontinued
Operation Broken Fang Case,case,,2020,purchase_only,10.761232886668736,,17137,6.946,4.524,2.184,0.7016482785486409,,hist/vol/status,0.5492704990885022,0.5423030483331086,0.7016482785486409,,-0.36912825798851423,0.38881278964920807,0.3128354888994328,3y,,2026-02-09,,,,,,,,,,single snapshot (t0 established),1 source(s) agree: steam_guide_2981848978=purchase_only
Operation Hydra Case,case,,2017,discontinued,54.85086875,,1847,30.327000000000005,19.479,19.912,0.4018112541297236,,hist/vol/status,0.8086480281597253,0.6780636368079318,0.4018112541297236,,-0.6609142647328805,0.38881278964920807,0.01299846448051556,3y,,2026-05-10,,,,,,,,,,single snapshot (t0 established),1 source(s) agree: steam_guide_2981848978=discontinued
Operation Phoenix Weapon Case,case,,2014,discontinued,6.0251376227323465,,43404,5.317,3.0465,2.066,0.42871482555335616,,hist/vol/status,0.1331836792801102,0.4063159240248535,0.42871482555335616,,-0.10674816324010616,0.38881278964920807,0.03990203590414809,3y,,2026-03-01,,,,,,,,,,single snapshot (t0 established),1 source(s) agree: steam_guide_2981848978=discontinued
Operation Riptide Case,case,,2021,purchase_only,17.152696659159158,,6339,10.875,5.019,2.796,0.8306208876160466,,hist/vol/status,0.5772594629111869,0.8486623899000256,0.8306208876160466,,-0.2703729281767956,0.38881278964920807,0.4418080979668385,3y,,2026-03-12,,,,,,,,,,single snapshot (t0 established),1 source(s) agree: steam_guide_2981848978=purchase_only
Operation Vanguard Weapon Case,case,,2014,discontinued,6.321385969585801,,13167,4.0715,2.8165,1.12,0.7804567501548374,,hist/vol/status,0.5525938768477958,0.4981361246199505,0.7804567501548374,,-0.14738069028038592,0.38881278964920807,0.39164396050562933,3y,,2026-01-23,,,,,,,,,,single snapshot (t0 established),1 source(s) agree: steam_guide_2981848978=discontinued
Operation Wildfire Case,case,,2016,disputed,6.2739392610297005,,49114,3.847,2.439,2.341,0.38903428503431114,,hist/vol/disputed,0.6308654174758774,0.6038518698528184,0.38903428503431114,,0.239376198647421,0.38881278964920807,0.00022149538510307654,3y,,2026-04-10,,,,,,,,,,single snapshot (t0 established),sources disagree: steam_guide_2981848978=discontinued; steamdb_droppool=rare_pool
Prisma 2 Case,case,,2020,disputed,2.7181971170162136,,357981,1.538,0.735,0.7330000000000001,0.5478385455749926,,hist/vol/disputed,0.7673583335606069,0.9230775777617726,0.5478385455749926,,0.2645305093007977,0.38881278964920807,0.1590257559257845,3y,,2026-05-09,,,,,,,,,,single snapshot (t0 established),sources disagree: steam_guide_2981848978=discontinued; steamdb_droppool=rare_pool
Prisma Case,case,,2019,disputed,2.015668773193345,,297907,1.416,0.6185,0.37900000000000006,0.7455273282914985,,hist/vol/disputed,0.42349489632298387,0.8052598857120117,0.7455273282914985,,-0.27196635336784014,0.38881278964920807,0.3567145386422904,3y,,2026-03-20,,,,,,,,,,single snapshot (t0 established),sources disagree: steam_guide_2981848978=discontinued; steamdb_droppool=rare_pool
Recoil Case,case,,2022,disputed,0.6340106771124515,,2113531,0.299,0.169,0.868,-0.09941312049052276,,hist/vol/disputed,1.1204370471988345,0.9368898957145226,-0.09941312049052276,,-0.2911279771098234,0.38881278964920807,-0.4882259101397308,3y,,2026-05-09,,,,,,,,,,single snapshot (t0 established),sources disagree: steam_guide_2981848978=discontinued; steamdb_droppool=active_drop
Revolution Case,case,,2023,active_drop,0.482962040737999,,3816329,0.631,0.345,2.242,-0.40054148998495787,,hist/vol/status,-0.23460849328367828,0.18316946087769703,-0.40054148998495787,,0.5415531101263149,0.38881278964920807,-0.7893542796341659,3y,,2026-05-09,,,,,,,,,,single snapshot (t0 established),3 source(s) agree: steam_guide_2981848978=active_drop; steamdb_droppool=active_drop; tradeit_droppool=active_drop
Revolver Case,case,,2015,discontinued,4.076863771393401,,90374,3.388,1.808,1.361,0.4415267022988334,,hist/vol/status,0.20332460784929207,0.5016332869331159,0.4415267022988334,,0.0816368053810157,0.38881278964920807,0.05271391264962533,3y,,2026-03-27,,,,,,,,,,single snapshot (t0 established),1 source(s) agree: steam_guide_2981848978=discontinued
Shadow Case,case,,2015,disputed,2.705724229504902,,77525,1.972,0.968,0.738,0.5419692850853315,,hist/vol/disputed,0.37207111029660367,0.671876089481348,0.5419692850853315,,-0.11374678479565592,0.38881278964920807,0.15315649543612342,3y,,2026-03-24,,,,,,,,,,single snapshot (t0 established),sources disagree: steam_guide_2981848978=discontinued; steamdb_droppool=rare_pool
Shattered Web Case,case,,2019,purchase_only,9.960863600272232,,19704,8.012,3.991,3.709,0.38999547544480695,,hist/vol/status,0.24324308540592,0.5798200913364426,0.38999547544480695,,0.1124033195957772,0.38881278964920807,0.0011826857955988812,3y,,2026-05-11,,,,,,,,,,single snapshot (t0 established),1 source(s) agree: steam_guide_2981848978=purchase_only
Snakebite Case,case,,2021,disputed,1.0190388449312575,,605138,0.453,0.259,0.48800000000000004,0.278174961406489,,hist/vol/disputed,1.249533874020436,0.9835606657706488,0.278174961406489,,-0.18626294790715558,0.38881278964920807,-0.11063782824271906,3y,,2026-05-03,,,,,,,,,,single snapshot (t0 established),sources disagree: steam_guide_2981848978=discontinued; steamdb_droppool=rare_pool
Spectrum 2 Case,case,,2017,disputed,4.959052545324305,,184358,4.378,2.079,1.709,0.42632627441256665,,hist/vol/disputed,0.13272100167297962,0.5444438026706087,0.42632627441256665,,0.028077826045738608,0.38881278964920807,0.037513484763358584,3y,,2026-05-02,,,,,,,,,,single snapshot (t0 established),sources disagree: steam_guide_2981848978=discontinued; steamdb_droppool=rare_pool
Spectrum Case,case,,2017,discontinued,6.034343529726805,,102130,5.299,3.096,2.423,0.35547716442274324,,hist/vol/status,0.1387702452777515,0.396093609856738,0.35547716442274324,,0.2190987764846315,0.38881278964920807,-0.03333562522646483,3y,,2026-04-14,,,,,,,,,,single snapshot (t0 established),1 source(s) agree: steam_guide_2981848978=discontinued
Winter Offensive Weapon Case,case,,2013,discontinued,16.331447872340426,,3817,9.178,5.633,5.531,0.43463143780962143,,hist/vol/status,0.7794124942624128,0.7027169875739312,0.43463143780962143,,-0.3878107457898957,0.38881278964920807,0.04581864816041337,3y,,2026-03-08,,,,,,,,,,single snapshot (t0 established),1 source(s) agree: steam_guide_2981848978=discontinued
Sealed Dead Hand Terminal,container_other,,2026,active_drop,3.1917161782026513,,3491980,,,,,,hist/vol/status,,,,,,,,,,2026-05-04,,,,,,,,,,single snapshot (t0 established),1 source(s) agree: steam_guide_2981848978=active_drop
Sealed Genesis Terminal,container_other,,2025,active_drop,0.2615493950365848,,2432468,,,,,,hist/vol/status,,,,,,,,,,2026-05-08,,,,,,,,,,single snapshot (t0 established),2 source(s) agree: steam_guide_2981848978=active_drop; tradeit_droppool=active_drop
Sticker | 00 Nation (Gold) | Rio 2022,sticker,,2022,unknown,9.350666666666667,,88,10.0,25.321,16.721,-0.17612730510186803,,hist/vol/unknown,-0.06493333333333329,-0.3923117191623188,-0.17612730510186803,,0.8723404255319149,0.38881278964920807,-0.5649400947510761,3y,,2025-11-15,Rio 2022,2022,3.8333333333332575,Gold,,5,13.46,0,1.4394695565378584,single snapshot (t0 established),no source names this item
Sticker | 00 Nation | Rio 2022,sticker,,2022,unknown,0.15141666666666664,,2835,0.166,0.21399999999999997,0.346,-0.2407831104946414,,hist/vol/unknown,-0.08785140562249016,-0.15883740148889391,-0.2407831104946414,,-0.5357025876187357,0.38881278964920807,-0.6295959001438495,3y,,2026-02-04,Rio 2022,2022,4.0833333333332575,Paper,,126,0.61,0,4.02861860209136,single snapshot (t0 established),no source names this item
Sticker | 910 (Foil) | Austin 2025,sticker,,2025,unknown,0.135028413490493,,5514,,,,,,hist/vol/unknown,,,,,,,,,,2025-10-01,Austin 2025,2025,0.75,Foil,,6,0.84,0,6.220912904817194,single snapshot (t0 established),no source names this item
Sticker | 910 (Glitter) | Copenhagen 2024,sticker,,2024,unknown,0.1065264705882353,,945,0.03,,,2.550882352941177,,hist/vol/unknown,2.550882352941177,,,,-0.6210906174819567,0.39778300330979377,2.153099349631383,1y,,2025-10-01,Copenhagen 2024,2024,1.75,Glitter,,13,0.61,0,5.726276263839421,single snapshot (t0 established),no source names this item
Sticker | 910 (Gold) | Austin 2025,sticker,,2025,unknown,12.293836601307191,,327,,,,,,hist/vol/unknown,,,,,,,,,,2025-10-01,Austin 2025,2025,0.75,Gold,,12,8.72,0,0.7092985113428961,single snapshot (t0 established),no source names this item
Sticker | 910 (Gold) | Copenhagen 2024,sticker,,2024,unknown,5.377000000000001,,21,4.168,,,0.2900671785028792,,hist/vol/unknown,0.2900671785028792,,,,-0.32258064516129037,0.39778300330979377,-0.10771582480691455,1y,,2026-03-06,Copenhagen 2024,2024,2.1666666666667425,Gold,,8,11.085,0,2.0615584898642365,single snapshot (t0 established),no source names this item
Sticker | 910 (Holo) | Austin 2025,sticker,,2025,unknown,1.844083333333333,,175,,,,,,hist/vol/unknown,,,,,,,,,,2026-01-01,Austin 2025,2025,1.0,Holo,,122,7.04,0,3.8176148944823542,single snapshot (t0 established),no source names this item
Sticker | 910 (Holo) | Copenhagen 2024,sticker,,2024,unknown,1.9326999999999996,,334,0.48149999999999993,,,3.0139148494288683,,hist/vol/unknown,3.0139148494288683,,,,-0.07734806629834257,0.39778300330979377,2.6161318461190746,1y,,2025-10-01,Copenhagen 2024,2024,1.75,Holo,,5,2.08,0,1.0762146220313553,single snapshot (t0 established),no source names this item
Sticker | 910 | Copenhagen 2024,sticker,,2024,unknown,0.030000000000000006,,4858,0.03,,,2.220446049250313e-16,,hist/vol/unknown,2.220446049250313e-16,,,,-0.26771178776002413,0.39778300330979377,-0.39778300330979355,1y,,2025-10-01,Copenhagen 2024,2024,1.75,Paper,,0,,0,,single snapshot (t0 established),no source names this item
Sticker | 9INE (Glitter) | Paris 2023,sticker,,2023,unknown,0.11861891792803646,,10962,0.082,0.265,,-0.3309569832820871,,hist/vol/unknown,0.446572169854103,-0.3309569832820871,,,-0.24928092042186,0.5939688266513692,-0.9249258099334563,2y,,2026-04-12,Paris 2023,2023,3.25,Glitter,,1160,0.44,0,3.7093577288147115,single snapshot (t0 established),no source names this item
Sticker | 9INE (Gold) | Paris 2023,sticker,,2023,unknown,1.6092380952380951,,433,1.1909999999999998,4.4384999999999994,,-0.39786753939854025,,hist/vol/unknown,0.35116548718563845,-0.39786753939854025,,,-0.22678571428571426,0.5939688266513692,-0.9918363660499094,2y,,2026-03-09,Paris 2023,2023,3.1666666666667425,Gold,,95,0.92,0,0.5716991181866604,single snapshot (t0 established),no source names this item
Sticker | 9INE (Holo) | Paris 2023,sticker,,2023,unknown,2.4753933255610607,,3261,1.3505,4.093,,-0.2223194531969438,,hist/vol/unknown,0.8329458167797561,-0.2223194531969438,,,-0.15276695245518312,0.5939688266513692,-0.816288279848313,2y,,2025-12-08,Paris 2023,2023,2.9166666666667425,Holo,,234,1.09,0,0.44033406277079057,single snapshot (t0 established),no source names this item
Sticker | 9INE | Paris 2023,sticker,,2023,unknown,0.030979619565217394,,38265,0.03,0.03,,0.016195840134787476,,hist/vol/unknown,0.03265398550724652,0.016195840134787476,,,0.05152514427040389,0.5939688266513692,-0.5777729865165817,2y,,2025-12-20,Paris 2023,2023,2.9166666666667425,Paper,,0,,0,,single snapshot (t0 established),no source names this item
Sticker | 9z Team (Glitter) | Rio 2022,sticker,,2022,unknown,0.717309294871795,,677,0.537,0.422,0.562,0.08473431976388013,,hist/vol/unknown,0.3357714988301581,0.30375805230031183,0.08473431976388013,,-0.42037671232876717,0.38881278964920807,-0.30407846988532794,3y,,2026-03-12,Rio 2022,2022,4.1666666666667425,Glitter,,56,0.51,0,0.7109903686542255,single snapshot (t0 established),no source names this item
Sticker | 9z Team (Gold) | Rio 2022,sticker,,2022,unknown,4.40625,,40,3.403,3.8105,8.477,-0.19596371108013422,,hist/vol/unknown,0.29481339994122835,0.07533451156842763,-0.19596371108013422,,-0.2727272727272727,0.38881278964920807,-0.5847765007293423,3y,,2026-03-11,Rio 2022,2022,4.1666666666667425,Gold,,30,3.35,0,0.7602836879432624,single snapshot (t0 established),no source names this item
Sticker | 9z Team (Holo) | Antwerp 2022,sticker,,2022,unknown,16.563399999999998,,127,6.846,11.056000000000001,9.993,0.18345350675967342,,hist/vol/unknown,1.4194274028629854,0.22398396979751056,0.18345350675967342,,-0.5808580858085808,0.38881278964920807,-0.20535928288953464,3y,,2026-03-11,Antwerp 2022,2022,4.1666666666667425,Holo,,131,7.66,0,0.4624654358404676,single snapshot (t0 established),no source names this item
Sticker | 9z Team | Antwerp 2022,sticker,,2022,unknown,0.41517600644122377,,4180,0.334,0.19900000000000004,0.087,0.683595145531487,,hist/vol/unknown,0.24304193545276576,0.4444070029451197,0.683595145531487,,-0.38897821955854406,0.38881278964920807,0.29478235588227897,3y,,2026-05-10,Antwerp 2022,2022,4.3333333333332575,Paper,,140,0.55,0,1.3247393670806051,single snapshot (t0 established),no source names this item
Sticker | ANGE1 (Foil) | Katowice 2019,sticker,,2019,unknown,8.565000000000001,,14,6.0765,5.15,1.8370000000000002,0.6706009998678131,,hist/vol/unknown,0.40952851147864733,0.289614979796879,0.6706009998678131,,-0.2222222222222222,0.38881278964920807,0.281788210218605,3y,,2026-01-30,Katowice 2019,2019,7.0,Foil,,1,25.7,0,3.000583771161704,single snapshot (t0 established),no source names this item
Sticker | ANGE1 (Foil) | London 2018,sticker,,2018,unknown,4.71,,8,2.988,2.9849999999999994,0.587,1.0019855352707774,,hist/vol/unknown,0.5763052208835342,0.25614069563730846,1.0019855352707774,,0.6000000000000001,0.38881278964920807,0.6131727456215693,3y,,2026-02-03,London 2018,2018,8.083333333333258,Foil,,8,20.08,0,4.263269639065817,single snapshot (t0 established),no source names this item
Sticker | ANGE1 | Katowice 2019,sticker,,2019,unknown,1.3505,,93,1.2035,0.3835,0.228,0.8093388725342054,,hist/vol/unknown,0.12214374740340683,0.8765693128470275,0.8093388725342054,,-0.610878661087866,0.38881278964920807,0.4205260828849974,3y,,2026-02-03,Katowice 2019,2019,7.0833333333332575,Paper,,1,8.97,0,6.641984450203629,single snapshot (t0 established),no source names this item
Sticker | ANGE1 | London 2018,sticker,,2018,unknown,0.4701666666666666,,29,0.7965,0.3325,0.552,-0.05208167436718647,,hist/vol/unknown,-0.4097091441724211,0.1891320732867725,-0.05208167436718647,,1.6363636363636362,0.38881278964920807,-0.44089446401639454,3y,,2026-04-10,London 2018,2018,8.25,Paper,,2,3.8099999999999996,0,8.103509393831974,single snapshot (t0 established),no source names this item
Sticker | ANNIHILATION (Glitter) | Rio 2022,sticker,,2022,unknown,0.09,,42,0.053,0.048,0.216,-0.2530992089071392,,hist/vol/unknown,0.6981132075471699,0.3693063937629153,-0.2530992089071392,,-0.288135593220339,0.38881278964920807,-0.6419119985563473,3y,,2026-04-13,Rio 2022,2022,4.25,Glitter,,0,,0,,single snapshot (t0 established),no source names this item
Sticker | AZR (Foil) | Berlin 2019,sticker,,2019,unknown,0.346,,39,0.3295,0.1755,0.1095,0.46741851083357,,hist/vol/unknown,0.050075872534142585,0.40410468680578493,0.46741851083357,,-0.44285714285714284,0.38881278964920807,0.07860572118436193,3y,,2026-02-03,Berlin 2019,2019,7.0833333333332575,Foil,,5,1.3,0,3.757225433526012,single snapshot (t0 established),no source names this item
Sticker | AZR (Foil) | London 2018,sticker,,2018,unknown,4.15,,1,3.879,3.314,0.863,0.6878963226342727,,hist/vol/unknown,0.06986336684712557,0.11904563183614769,0.6878963226342727,,-0.5,0.38881278964920807,0.2990835329850646,3y,,2026-03-01,London 2018,2018,8.166666666666742,Foil,,0,,0,,single snapshot (t0 established),no source names this item
Sticker | AdreN (Foil)  | MLG Columbus 2016,sticker,,2016,unknown,18.777,,5,,,3.96,0.6800040942203069,,hist/vol/unknown,,,0.6800040942203069,,,0.38881278964920807,0.2911913045710989,3y,,2026-02-02,MLG Columbus 2016,2016,10.083333333333258,Foil,,9,38.36,0,2.0429248548756456,single snapshot (t0 established),no source names this item
Sticker | AdreN (Foil) | Boston 2018,sticker,,2017,unknown,6.4,,9,,3.26,2.16,0.43628979335458906,,hist/vol/unknown,,0.4011388882081177,0.43628979335458906,,,0.38881278964920807,0.04747700370538099,3y,,2026-02-26,Boston 2018,2018,8.083333333333258,Foil,,1,31.81,0,4.9703124999999995,single snapshot (t0 established),no source names this item
Sticker | AdreN (Foil) | Katowice 2019,sticker,,2019,unknown,3.566,,18,2.579,2.0780000000000003,3.965,-0.03473613380503249,,hist/vol/unknown,0.38270647537805336,0.30998975082134805,-0.03473613380503249,,0.5,0.38881278964920807,-0.42354892345424056,3y,,2026-04-16,Katowice 2019,2019,7.25,Foil,,14,8.024999999999999,0,2.250420639371845,single snapshot (t0 established),no source names this item
Sticker | AdreN (Foil) | Krakow 2017,sticker,,2017,unknown,41.274,,3,25.084,27.15,24.371000000000002,0.19197661914491748,,hist/vol/unknown,0.6454313506617766,0.23297242243090666,0.19197661914491748,,-0.4,0.38881278964920807,-0.1968361705042906,3y,,2026-02-02,Krakow 2017,2017,9.083333333333258,Foil,,22,31.01,0,0.7513204438629646,single snapshot (t0 established),no source names this item
Sticker | AdreN (Gold) | Krakow 2017,sticker,,2017,unknown,1626.07,,1,,,172.4785,1.1125228910625586,,hist/vol/unknown,,,1.1125228910625586,,0.0,0.38881278964920807,0.7237101014133506,3y,,2023-08-07,Krakow 2017,2017,6.5833333333332575,Gold,,12,639.1600000000001,0,0.39307040902298185,single snapshot (t0 established),no source names this item
Sticker | AdreN | Boston 2018,sticker,,2017,unknown,1.3054999999999999,,7,1.368,0.9344999999999999,0.739,0.20886409681306772,,hist/vol/unknown,-0.045687134502924165,0.18194912975066413,0.20886409681306772,,-0.6818181818181819,0.38881278964920807,-0.17994869283614034,3y,,2026-02-04,Boston 2018,2018,8.083333333333258,Paper,,6,1.66,0,1.2715434699348909,single snapshot (t0 established),no source names this item
Sticker | AdreN | Krakow 2017,sticker,,2017,unknown,5.74,,8,4.57,4.393,3.92,0.13555613628301177,,hist/vol/unknown,0.2560175054704594,0.1430766268381063,0.13555613628301177,,-0.19999999999999996,0.38881278964920807,-0.2532566533661963,3y,,2026-02-01,Krakow 2017,2017,9.083333333333258,Paper,,2,6.65,0,1.1585365853658536,single snapshot (t0 established),no source names this item
Sticker | Aleksib (Foil) | Katowice 2019,sticker,,2019,unknown,10.991,,11,9.341000000000001,5.979,3.71,0.4362204274022685,,hist/vol/unknown,0.17664061663633435,0.3558271529859707,0.4362204274022685,,-0.08333333333333337,0.38881278964920807,0.04740763775306045,3y,,2026-01-30,Katowice 2019,2019,7.0,Foil,,3,45.39,0,4.1297425166044945,single snapshot (t0 established),no source names this item
Sticker | Aleksib | Katowice 2019,sticker,,2019,unknown,1.59525,,37,1.403,0.871,0.706,0.3122241234744092,,hist/vol/unknown,0.13702779757662165,0.353334954630947,0.3122241234744092,,-0.27450980392156865,0.38881278964920807,-0.07658866617479887,3y,,2026-02-03,Katowice 2019,2019,7.0833333333332575,Paper,,4,3.06,0,1.9181946403385048,single snapshot (t0 established),no source names this item
Sticker | Apeks (Holo) | Copenhagen 2024,sticker,,2024,unknown,7.47378947368421,,474,1.1935,,,5.262077481092761,,hist/vol/unknown,5.262077481092761,,,,-0.26168224299065423,0.39778300330979377,4.864294477782967,1y,,2025-12-11,Copenhagen 2024,2024,1.9166666666667425,Holo,,48,3.23,0,0.43217701159138605,single snapshot (t0 established),no source names this item
Sticker | Apeks | Copenhagen 2024,sticker,,2024,unknown,0.048193693693693695,,7429,0.03,,,0.6064564564564565,,hist/vol/unknown,0.6064564564564565,,,,-0.3196263394083707,0.39778300330979377,0.20867345314666275,1y,,2025-12-24,Copenhagen 2024,2024,1.9166666666667425,Paper,,81,0.41,0,8.507337134311618,single snapshot (t0 established),no source names this item
Sticker | Astralis (Foil) | Atlanta 2017,sticker,,2017,unknown,112.4095,,3,168.553,,65.5075,0.19721090357611115,,hist/vol/unknown,-0.33309107521076464,,0.19721090357611115,,-0.25,0.38881278964920807,-0.19160188607309692,3y,,2025-10-31,Atlanta 2017,2017,8.75,Foil,,17,136.36,0,1.213064732073357,single snapshot (t0 established),no source names this item
Sticker | Astralis (Foil) | Berlin 2019,sticker,,2019,unknown,4.595,,41,3.033,2.8375,1.961,0.3282178344012747,,hist/vol/unknown,0.5150016485328057,0.2725499046842501,0.3282178344012747,,-0.41428571428571426,0.38881278964920807,-0.060594955247933346,3y,,2026-02-01,Berlin 2019,2019,7.0833333333332575,Foil,,3,26.01,0,5.660500544069642,single snapshot (t0 established),no source names this item
Sticker | Astralis (Foil) | Cologne 2016,sticker,,2016,unknown,61.5955,,4,,53.428,31.11,0.25569160650026745,,hist/vol/unknown,,0.07371750568965152,0.25569160650026745,,0.0,0.38881278964920807,-0.13312118314894061,3y,,2026-03-11,Cologne 2016,2016,10.166666666666742,Foil,,13,77.97,0,1.2658392252680797,single snapshot (t0 established),no source names this item
Sticker | Astralis (Foil) | MLG Columbus 2016,sticker,,2016,unknown,41.465500000000006,,11,31.1085,24.4925,16.343,0.3639078907434983,,hist/vol/unknown,0.3329315138949165,0.3011485884711216,0.3639078907434983,,1.2000000000000002,0.38881278964920807,-0.024904898905709794,3y,,2026-02-01,MLG Columbus 2016,2016,10.083333333333258,Foil,,2,39.08,0,0.9424702463493746,single snapshot (t0 established),no source names this item
Sticker | Astralis (Foil) | Stockholm 2021,sticker,,2021,unknown,8.876000000000001,,41,6.4,10.235,4.626,0.24261680226861615,,hist/vol/unknown,0.3868750000000001,-0.06875335038290831,0.24261680226861615,,0.10810810810810811,0.38881278964920807,-0.14619598738059192,3y,,2026-02-03,Stockholm 2021,2021,5.0833333333332575,Foil,,6,21.84,0,2.4605678233438484,single snapshot (t0 established),no source names this item
Sticker | Astralis (Holo) | Cologne 2016,sticker,,2016,unknown,37.183,,14,27.415,26.8,19.39,0.24238311166170368,,hist/vol/unknown,0.3563012949115447,0.1778902211727238,0.24238311166170368,,0.07692307692307687,0.38881278964920807,-0.1464296779875044,3y,,2026-03-09,Cologne 2016,2016,10.166666666666742,Holo,,22,46.31,0,1.2454616356937311,single snapshot (t0 established),no source names this item
Sticker | Astralis (Holo) | Krakow 2017,sticker,,2017,unknown,12.0445,,25,8.249500000000001,8.7805,4.334,0.40593946874999265,,hist/vol/unknown,0.46002788047760435,0.171209979908707,0.40593946874999265,,0.6666666666666667,0.38881278964920807,0.01712667910078458,3y,,2025-11-13,Krakow 2017,2017,8.833333333333258,Holo,,0,,0,,single snapshot (t0 established),no source names this item
Sticker | Astralis (Holo) | Stockholm 2021,sticker,,2021,unknown,7.297057142857143,,332,2.8665000000000003,6.938,2.244,0.48152265922431625,,hist/vol/unknown,1.5456330517555004,0.02554973290609186,0.48152265922431625,,-0.005988023952095856,0.38881278964920807,0.09270986957510818,3y,,2025-12-14,Stockholm 2021,2021,4.9166666666667425,Holo,,48,8.105,0,1.1107217390963873,single snapshot (t0 established),no source names this item
Sticker | Astralis | Berlin 2019,sticker,,2019,unknown,0.7139791666666666,,546,0.389,0.4115,0.313,0.31637734880117097,,hist/vol/unknown,0.8354220222793485,0.31721858609882814,0.31637734880117097,,0.21603563474387522,0.38881278964920807,-0.0724354408480371,3y,,2025-12-07,Berlin 2019,2019,6.9166666666667425,Paper,,5,0.47,0,0.6582825129117913,single snapshot (t0 established),no source names this item
Sticker | Astralis | Boston 2018,sticker,,2017,unknown,4.9695,,43,3.8125,3.2584999999999997,2.613,0.23896135906144012,,hist/vol/unknown,0.3034754098360657,0.2349446266051909,0.23896135906144012,,0.04878048780487809,0.38881278964920807,-0.14985143058776795,3y,,2025-10-05,Boston 2018,2018,7.75,Paper,,3,21.41,0,4.308280511117819,single snapshot (t0 established),no source names this item
Sticker | Astralis | Krakow 2017,sticker,,2017,unknown,2.0945833333333335,,76,1.7480000000000002,1.576,1.205,0.20236649440608545,,hist/vol/unknown,0.19827421815408086,0.15284445542730318,0.20236649440608545,,-0.3214285714285714,0.38881278964920807,-0.18644629524312262,3y,,2026-02-03,Krakow 2017,2017,9.083333333333258,Paper,,5,1.76,0,0.8402625820568927,single snapshot (t0 established),no source names this item
Sticker | Astralis | Stockholm 2021,sticker,,2021,unknown,0.34451785714285715,,653,0.1575,0.21750000000000003,0.24,0.12806337338349238,,hist/vol/unknown,1.1874149659863944,0.2585667037480577,0.12806337338349238,,-0.5527397260273972,0.38881278964920807,-0.2607494162657157,3y,,2026-02-04,Stockholm 2021,2021,5.0833333333332575,Paper,,82,0.76,0,2.2059814440470635,single snapshot (t0 established),no source names this item
Sticker | Attacker (Foil) | Katowice 2019,sticker,,2019,unknown,5.83,,10,3.3179999999999996,2.71,1.27,0.6619639962580193,,hist/vol/unknown,0.7570825798673901,0.4667281659922977,0.6619639962580193,,1.5,0.38881278964920807,0.2731512066088112,3y,,2026-01-29,Katowice 2019,2019,7.0,Foil,,4,12.22,0,2.0960548885077186,single snapshot (t0 established),no source names this item
Sticker | Aurora (Foil) | Austin 2025,sticker,,2025,unknown,0.10616851880434225,,5782,,,,,,hist/vol/unknown,,,,,,,,,,2026-03-22,Austin 2025,2025,1.1666666666667425,Foil,,53,0.46,0,4.332734460087298,single snapshot (t0 established),no source names this item
Sticker | Aurora (Gold) | Austin 2025,sticker,,2025,unknown,1.4212402597402596,,271,,,,,,hist/vol/unknown,,,,,,,,,,2026-03-21,Austin 2025,2025,1.1666666666667425,Gold,,31,1.69,0,1.1891022565803602,single snapshot (t0 established),no source names this item
Sticker | Aurora (Gold) | Budapest 2025,sticker,,2025,unknown,1.4602984496124032,,1140,,,,,,hist/vol/unknown,,,,,,,,,,2026-03-22,Budapest 2025,2025,1.1666666666667425,Gold,,33,1.17,0,0.8012060824350973,single snapshot (t0 established),no source names this item
Sticker | Aurora (Holo) | Austin 2025,sticker,,2025,unknown,7.187913636363636,,917,,,,,,hist/vol/unknown,,,,,,,,,,2026-03-22,Austin 2025,2025,1.1666666666667425,Holo,,190,10.7,0,1.4886099835519349,single snapshot (t0 established),no source names this item
Sticker | Aurora (Holo) | Budapest 2025,sticker,,2025,unknown,5.901827394736842,,7423,,,,,,hist/vol/unknown,,,,,,,,,,2026-03-12,Budapest 2025,2025,1.1666666666667425,Holo,,84,2.52,0,0.4269863944593325,single snapshot (t0 established),no source names this item
Sticker | Aurora | Austin 2025,sticker,,2025,unknown,0.031124660786974224,,3541,,,,,,hist/vol/unknown,,,,,,,,,,2026-03-22,Austin 2025,2025,1.1666666666667425,Paper,,0,,0,,single snapshot (t0 established),no source names this item
Sticker | Aurora | Budapest 2025,sticker,,2025,unknown,0.030786594108446294,,14460,,,,,,hist/vol/unknown,,,,,,,,,,2026-03-22,Budapest 2025,2025,1.1666666666667425,Paper,,0,,0,,single snapshot (t0 established),no source names this item
Sticker | Avangar (Foil) | Boston 2018,sticker,,2017,unknown,40.389,,1,,95.18,26.518,0.15055516069979746,,hist/vol/unknown,,-0.3485835821510481,0.15055516069979746,,,0.38881278964920807,-0.2382576289494106,3y,,2026-01-13,Boston 2018,2018,8.0,Foil,,9,54.38,0,1.3464061997078411,single snapshot (t0 established),no source names this item
Sticker | Avangar | Boston 2018,sticker,,2017,unknown,6.9235,,8,5.0,8.747,5.862,0.0570445567163369,,hist/vol/unknown,0.38470000000000004,-0.11032111182438753,0.0570445567163369,,-0.5294117647058824,0.38881278964920807,-0.33176823293287117,3y,,2026-02-02,Boston 2018,2018,8.083333333333258,Paper,,5,4.76,0,0.6875135408391709,single snapshot (t0 established),no source names this item
Sticker | B1ad3 (Foil) | Boston 2018,sticker,,2017,unknown,14.973333333333334,,5,,6.186,4.57,0.48525411490809267,,hist/vol/unknown,,0.5558018680176509,0.48525411490809267,,0.25,0.38881278964920807,0.0964413252588846,3y,,2026-02-19,Boston 2018,2018,8.083333333333258,Foil,,1,11.21,0,0.7486642920747997,single snapshot (t0 established),no source names this item
Sticker | B1ad3 (Foil) | Krakow 2017,sticker,,2017,unknown,36.88675,,5,29.75,37.977,37.929500000000004,-0.009249215566741187,,hist/vol/unknown,0.239890756302521,-0.01445860841290536,-0.009249215566741187,,1.5,0.38881278964920807,-0.39806200521594926,3y,,2026-01-23,Krakow 2017,2017,9.0,Foil,,20,50.34,0,1.3647176831789194,single snapshot (t0 established),no source names this item
Sticker | B1ad3 (Gold) | Krakow 2017,sticker,,2017,unknown,399.004,,1,,,,,,hist/vol/unknown,,,,,,,,,,2024-11-06,Krakow 2017,2017,7.8333333333332575,Gold,,2,374.94,0,0.9396898276709005,single snapshot (t0 established),no source names this item
Sticker | B1ad3 | Boston 2018,sticker,,2017,unknown,4.07,,22,3.1135,1.713,1.5590000000000002,0.37694342947600323,,hist/vol/unknown,0.30721053476794613,0.5414112456245315,0.37694342947600323,,-0.6716417910447761,0.38881278964920807,-0.011869360173204835,3y,,2026-02-03,Boston 2018,2018,8.083333333333258,Paper,,0,,0,,single snapshot (t0 established),no source names this item
Sticker | B1ad3 | Krakow 2017,sticker,,2017,unknown,7.39,,33,4.6665,3.9005,4.2745,0.2001983876348532,,hist/vol/unknown,0.583627986713811,0.3764551913271905,0.2001983876348532,,-0.2142857142857143,0.38881278964920807,-0.18861440201435486,3y,,2026-01-30,Krakow 2017,2017,9.0,Paper,,0,,0,,single snapshot (t0 established),no source names this item
Sticker | BIG (Foil) | Katowice 2019,sticker,,2019,unknown,14.306,,13,13.690999999999999,16.6,8.466,0.19109568738143867,,hist/vol/unknown,0.04492002045139154,-0.07166426928849579,0.19109568738143867,,0.18181818181818188,0.38881278964920807,-0.1977171022677694,3y,,2026-01-27,Katowice 2019,2019,7.0,Foil,,6,20.185000000000002,0,1.4109464560324343,single snapshot (t0 established),no source names this item
Sticker | BIG (Foil) | London 2018,sticker,,2018,unknown,19.622,,4,,32.529,11.646,0.1899320493526413,,hist/vol/unknown,,-0.22333044849127137,0.1899320493526413,,3.0,0.38881278964920807,-0.19888074029656677,3y,,2026-01-28,London 2018,2018,8.0,Foil,,4,28.450000000000003,0,1.4499031699113243,single snapshot (t0 established),no source names this item
Sticker | BIG (Holo) | Antwerp 2022,sticker,,2022,unknown,9.166524305555555,,2730,0.3145,1.169,0.403,1.8333477627167376,,hist/vol/unknown,28.14634119413531,1.800238946414983,1.8333477627167376,,2.615894039735099,0.38881278964920807,1.4445349730675296,3y,,2026-01-09,Antwerp 2022,2022,4.0,Holo,,51,3.16,0,0.3447326265294272,single snapshot (t0 established),no source names this item
Sticker | BIG (Holo) | Krakow 2017,sticker,,2017,unknown,8.58275,,23,6.654999999999999,4.95,5.305999999999999,0.17386928434753668,,hist/vol/unknown,0.28966942148760344,0.31677214767357875,0.17386928434753668,,-0.04166666666666663,0.38881278964920807,-0.2149435053016714,3y,,2026-04-21,Krakow 2017,2017,9.25,Holo,,0,,0,,single snapshot (t0 established),no source names this item
Sticker | BIG | Antwerp 2022,sticker,,2022,unknown,0.03,,9188,0.03,0.03,0.03,0.0,,hist/vol/unknown,0.0,0.0,0.0,,-0.33694161795482425,0.38881278964920807,-0.38881278964920807,3y,,2025-11-04,Antwerp 2022,2022,3.8333333333332575,Paper,,0,,0,,single snapshot (t0 established),no source names this item
Sticker | BIG | Katowice 2019,sticker,,2019,unknown,4.734,,37,6.969,4.612,4.618,0.008303887645404684,,hist/vol/unknown,-0.32070598364184244,0.013140035732212674,0.008303887645404684,,-0.421875,0.38881278964920807,-0.3805089020038034,3y,,2024-09-04,Katowice 2019,2019,5.6666666666667425,Paper,,13,2.81,0,0.5935783692437685,single snapshot (t0 established),no source names this item
Sticker | BIG | Krakow 2017,sticker,,2017,unknown,1.3174285714285716,,116,0.934,0.6565000000000001,0.7344999999999999,0.21500600929140812,,hist/vol/unknown,0.41052309574793533,0.41659653025058874,0.21500600929140812,,0.19587628865979378,0.38881278964920807,-0.17380678035779995,3y,,2026-02-02,Krakow 2017,2017,9.083333333333258,Paper,,6,1.065,0,0.8083929733246583,single snapshot (t0 established),no source names this item
Sticker | BIG | London 2018,sticker,,2018,unknown,1.101,,63,1.058,0.672,0.479,0.3197264933269306,,hist/vol/unknown,0.0406427221172021,0.2799972098183874,0.3197264933269306,,-0.20253164556962022,0.38881278964920807,-0.06908629632227747,3y,,2026-02-01,London 2018,2018,8.083333333333258,Paper,,12,0.84,0,0.7629427792915531,single snapshot (t0 established),no source names this item
Sticker | BLAST.tv (Foil) | Austin 2025,sticker,,2025,unknown,0.03,,98804,,,,,,hist/vol/unknown,,,,,,,,,,2025-10-02,Austin 2025,2025,0.75,Foil,,16,0.31,0,10.333333333333334,single snapshot (t0 established),no source names this item
Sticker | BLAST.tv (Glitter) | Paris 2023,sticker,,2023,unknown,0.031295598053410555,,13941,0.03,0.03,,0.021365067828517326,,hist/vol/unknown,0.04318660178035194,0.021365067828517326,,,-0.4852680549401861,0.5939688266513692,-0.5726037588228519,2y,,2026-03-12,Paris 2023,2023,3.1666666666667425,Glitter,,0,,0,,single snapshot (t0 established),no source names this item
Sticker | BLAST.tv (Gold) | Austin 2025,sticker,,2025,unknown,1.549492361111111,,2023,,,,,,hist/vol/unknown,,,,,,,,,,2025-11-23,Austin 2025,2025,0.8333333333332575,Gold,,56,0.79,0,0.50984439796367,single snapshot (t0 established),no source names this item
Sticker | BLAST.tv (Gold) | Paris 2023,sticker,,2023,unknown,0.763874213836478,,2123,0.3955,0.774,,-0.006562740312193616,,hist/vol/unknown,0.9314139414323084,-0.006562740312193616,,,0.06469408224674011,0.5939688266513692,-0.6005315669635628,2y,,2026-03-09,Paris 2023,2023,3.1666666666667425,Gold,,374,0.46,0,0.602193386905546,single snapshot (t0 established),no source names this item
Sticker | BLAST.tv (Holo) | Austin 2025,sticker,,2025,unknown,2.3366935684974743,,35181,,,,,,hist/vol/unknown,,,,,,,,,,2025-10-02,Austin 2025,2025,0.75,Holo,,223,0.59,0,0.2524935267311828,single snapshot (t0 established),no source names this item
Sticker | BLAST.tv (Holo) | Paris 2023,sticker,,2023,unknown,0.1615477637034065,,8490,0.072,0.1605,,0.0032587516501700886,,hist/vol/unknown,1.2437189403250906,0.0032587516501700886,,,-0.15614750024848423,0.5939688266513692,-0.5907100750011991,2y,,2026-03-12,Paris 2023,2023,3.1666666666667425,Holo,,314,0.44,0,2.7236526827311436,single snapshot (t0 established),no source names this item
Sticker | BLAST.tv | Austin 2025,sticker,,2025,unknown,0.03,,195020,,,,,,hist/vol/unknown,,,,,,,,,,2025-11-05,Austin 2025,2025,0.8333333333332575,Paper,,0,,0,,single snapshot (t0 established),no source names this item
Sticker | BLAST.tv | Paris 2023,sticker,,2023,unknown,0.030803685897435894,,24157,0.03,0.03,,0.013306236985902276,,hist/vol/unknown,0.026789529914529764,0.013306236985902276,,,-0.8923806171954006,0.5939688266513692,-0.5806625896654669,2y,,2026-03-11,Paris 2023,2023,3.1666666666667425,Paper,,109,0.28,0,9.089821293863643,single snapshot (t0 established),no source names this item
Sticker | Bad News Eagles (Glitter) | Paris 2023,sticker,,2023,unknown,0.053086000474158374,,10159,0.03,0.035,,0.2315611518273215,,hist/vol/unknown,0.7695333491386125,0.2315611518273215,,,-0.23351441074392632,0.5939688266513692,-0.3624076748240477,2y,,2026-04-11,Paris 2023,2023,3.25,Glitter,,0,,0,,single snapshot (t0 established),no source names this item
Sticker | Bad News Eagles (Gold) | Paris 2023,sticker,,2023,unknown,1.194157894736842,,514,0.815,1.1925,,0.0006948926236898245,,hist/vol/unknown,0.46522441072005183,0.0006948926236898245,,,-0.20801232665639446,0.5939688266513692,-0.5932739340276794,2y,,2026-03-12,Paris 2023,2023,3.1666666666667425,Gold,,87,0.61,0,0.5108202212525894,single snapshot (t0 established),no source names this item
Sticker | Bad News Eagles (Holo) | Paris 2023,sticker,,2023,unknown,0.7393053613053614,,5550,0.2735,0.7315,,0.005321018572311154,,hist/vol/unknown,1.7031274636393468,0.005321018572311154,,,0.6962102689486553,0.5939688266513692,-0.588647808079058,2y,,2025-11-08,Paris 2023,2023,2.8333333333332575,Holo,,161,0.61,0,0.8250988453850082,single snapshot (t0 established),no source names this item
Sticker | Bad News Eagles | Paris 2023,sticker,,2023,unknown,0.03255584332969829,,15158,0.03,0.03,,0.04172682487138135,,hist/vol/unknown,0.08519477765660977,0.04172682487138135,,,-0.7454704213053918,0.5939688266513692,-0.5522420017799878,2y,,2026-02-12,Paris 2023,2023,3.0833333333332575,Paper,,0,,0,,single snapshot (t0 established),no source names this item
Sticker | Boombl4 (Foil) | Berlin 2019,sticker,,2019,unknown,0.48575,,73,0.3825,0.394,0.193,0.36024926555632186,,hist/vol/unknown,0.26993464052287575,0.11034590119681553,0.36024926555632186,,-0.26262626262626265,0.38881278964920807,-0.028563524092886206,3y,,2026-02-02,Berlin 2019,2019,7.0833333333332575,Foil,,4,3.785,0,7.792074112197633,single snapshot (t0 established),no source names this item
Sticker | Boombl4 (Gold) | Berlin 2019,sticker,,2019,unknown,10.469,,3,,5.602,5.912,0.20982788847751066,,hist/vol/unknown,,0.36703945014944805,0.20982788847751066,,0.5,0.38881278964920807,-0.1789849011716974,3y,,2026-02-23,Berlin 2019,2019,7.0833333333332575,Gold,,4,17.21,0,1.6439010411691664,single snapshot (t0 established),no source names this item
Sticker | Brehze (Foil) | Katowice 2019,sticker,,2019,unknown,5.402,,9,5.574,4.68,1.584,0.5052193784542476,,hist/vol/unknown,-0.030857552924291265,0.07437121344231135,0.5052193784542476,,1.25,0.38881278964920807,0.11640658880503951,3y,,2026-02-02,Katowice 2019,2019,7.0833333333332575,Foil,,3,29.06,0,5.379489078119215,single snapshot (t0 established),no source names this item
Sticker | CR4ZY (Foil) | Berlin 2019,sticker,,2019,unknown,9.356,,32,4.650499999999999,4.304,4.01,0.32632090081750187,,hist/vol/unknown,1.011826685302656,0.47437845262379574,0.32632090081750187,,-0.34693877551020413,0.38881278964920807,-0.0624918888317062,3y,,2026-01-29,Berlin 2019,2019,7.0,Foil,,8,20.5,0,2.191107310816588,single snapshot (t0 established),no source names this item
Sticker | Cloud9 (Foil) | Katowice 2019,sticker,,2019,unknown,31.968,,12,23.751,31.119,19.104999999999997,0.18719704833730266,,hist/vol/unknown,0.34596438044713906,0.013549390846512743,0.18719704833730266,,0.7142857142857142,0.38881278964920807,-0.2016157413119054,3y,,2026-02-01,Katowice 2019,2019,7.0833333333332575,Foil,,19,29.97,0,0.9375,single snapshot (t0 established),no source names this item
Sticker | Cloud9 (Foil) | Krakow 2017,sticker,,2017,unknown,104.749,,4,105.555,123.33,93.6,0.03822467328948376,,hist/vol/unknown,-0.007635829662261506,-0.07840400861931118,0.03822467328948376,,0.33333333333333326,0.38881278964920807,-0.3505881163597243,3y,,2026-02-27,Krakow 2017,2017,9.083333333333258,Foil,,4,101.88,0,0.9726107170474181,single snapshot (t0 established),no source names this item
Sticker | Cloud9 (Foil) | London 2018,sticker,,2018,unknown,51.7575,,5,38.134,43.75,19.5945,0.38233414281863287,,hist/vol/unknown,0.35725336969633403,0.08767116879531733,0.38233414281863287,,0.6666666666666667,0.38881278964920807,-0.0064786468305751965,3y,,2026-02-01,London 2018,2018,8.083333333333258,Foil,,5,61.77,0,1.1934502246051297,single snapshot (t0 established),no source names this item
Sticker | Cloud9 (Foil) | MLG Columbus 2016,sticker,,2016,unknown,111.025,,3,45.8095,55.835,29.97,0.5473124250283232,,hist/vol/unknown,1.423623920802454,0.4101234364504003,0.5473124250283232,,-0.5714285714285714,0.38881278964920807,0.15849963537911516,3y,,2026-02-21,MLG Columbus 2016,2016,10.083333333333258,Foil,,15,78.63,0,0.7082188696239585,single snapshot (t0 established),no source names this item
Sticker | Cloud9 (Glitter) | Copenhagen 2024,sticker,,2024,unknown,3.369724696356275,,1523,0.931,,,2.6194679874933136,,hist/vol/unknown,2.6194679874933136,,,,-0.5888228941684666,0.39778300330979377,2.22168498418352,1y,,2026-01-17,Copenhagen 2024,2024,2.0,Glitter,,785,1.71,0,0.5074598532779382,single snapshot (t0 established),no source names this item
Sticker | Cloud9 (Gold) | Copenhagen 2024,sticker,,2024,unknown,6.510357142857143,,125,5.99,,,0.08687097543524924,,hist/vol/unknown,0.08687097543524924,,,,0.05932203389830515,0.39778300330979377,-0.3109120278745445,1y,,2025-11-04,Copenhagen 2024,2024,1.8333333333332575,Gold,,5,13.46,0,2.0674749026276813,single snapshot (t0 established),no source names this item
Sticker | Cloud9 (Holo) | Krakow 2017,sticker,,2017,unknown,49.211,,5,34.589,42.108999999999995,33.725,0.13423595616819584,,hist/vol/unknown,0.422735551765012,0.08104464831202352,0.13423595616819584,,0.25,0.38881278964920807,-0.25457683348101223,3y,,2026-04-21,Krakow 2017,2017,9.25,Holo,,9,46.18,0,0.938408079494422,single snapshot (t0 established),no source names this item
Sticker | Cloud9 (Holo) | MLG Columbus 2016,sticker,,2016,unknown,70.6725,,8,48.656,52.296499999999995,22.155,0.4720624456230378,,hist/vol/unknown,0.4524930121670503,0.16248916879541864,0.4720624456230378,,-0.11111111111111116,0.38881278964920807,0.08324965597382972,3y,,2026-03-08,MLG Columbus 2016,2016,10.166666666666742,Holo,,11,78.15,0,1.1058049453464927,single snapshot (t0 established),no source names this item
Sticker | Cloud9 | Katowice 2019,sticker,,2019,unknown,1.9230427807486632,,499,2.528,0.488,,0.9851099304472726,,hist/vol/unknown,-0.23930269748866173,0.9851099304472726,,,-0.6827717736808646,0.5939688266513692,0.3911411037959034,2y,,2021-07-30,Katowice 2019,2019,2.5,Paper,,0,,0,,single snapshot (t0 established),no source names this item
Sticker | Cloud9 | London 2018,sticker,,2018,unknown,3.129,,41,2.3049999999999997,1.963,1.5465,0.2647903583838769,,hist/vol/unknown,0.3574837310195229,0.2625326897408595,0.2647903583838769,,-0.3880597014925373,0.38881278964920807,-0.12402243126533119,3y,,2026-03-07,London 2018,2018,8.166666666666742,Paper,,0,,0,,single snapshot (t0 established),no source names this item
Sticker | Copenhagen Flames (Foil) | Stockholm 2021,sticker,,2021,unknown,4.617875,,81,2.46,6.053,2.231,0.27442476110174385,,hist/vol/unknown,0.8771849593495935,-0.126554625026302,0.27442476110174385,,-0.2831858407079646,0.38881278964920807,-0.11438802854746422,3y,,2026-01-31,Stockholm 2021,2021,5.0,Foil,,21,3.98,0,0.8618682835719893,single snapshot (t0 established),no source names this item
Sticker | Copenhagen Flames (Holo) | Stockholm 2021,sticker,,2021,unknown,25.356787037037037,,715,4.8125,12.11,5.724000000000001,0.642346790144521,,hist/vol/unknown,4.268942760942761,0.44702168675363874,0.642346790144521,,-0.22028353326063255,0.38881278964920807,0.25353400049531294,3y,,2026-01-19,Stockholm 2021,2021,5.0,Holo,,289,22.18,0,0.8747164996733653,single snapshot (t0 established),no source names this item
Sticker | Counter Logic Gaming (Foil) | Cologne 2016,sticker,,2016,unknown,70.173,,1,48.567499999999995,,46.241,0.1491611679878797,,hist/vol/unknown,0.4448550985741495,,0.1491611679878797,,-0.6666666666666667,0.38881278964920807,-0.23965162166132836,3y,,2026-03-08,Cologne 2016,2016,10.166666666666742,Foil,,22,84.39500000000001,0,1.2026705428013624,single snapshot (t0 established),no source names this item
Sticker | Counter Logic Gaming (Foil) | MLG Columbus 2016,sticker,,2016,unknown,61.107,,6,55.985,61.755,39.2575,0.15892707185263566,,hist/vol/unknown,0.09148879164061796,-0.0052603745118045,0.15892707185263566,,1.0,0.38881278964920807,-0.2298857177965724,3y,,2026-03-08,MLG Columbus 2016,2016,10.166666666666742,Foil,,11,119.7,0,1.958859050517944,single snapshot (t0 established),no source names this item
Sticker | Counter Logic Gaming (Holo) | MLG Columbus 2016,sticker,,2016,unknown,95.875,,23,49.872,50.656,22.851,0.6128725684632244,,hist/vol/unknown,0.9224213987808791,0.37574277875766193,0.6128725684632244,,0.6428571428571428,0.38881278964920807,0.22405977881401629,3y,,2026-03-08,MLG Columbus 2016,2016,10.166666666666742,Holo,,24,55.07,0,0.5743937418513689,single snapshot (t0 established),no source names this item
Sticker | DD (Foil) | London 2018,sticker,,2018,unknown,14.35,,4,,11.812,5.0,0.42110870233357756,,hist/vol/unknown,,0.1022097067819483,0.42110870233357756,,,0.38881278964920807,0.03229591268436949,3y,,2026-01-23,London 2018,2018,8.0,Foil,,1,319.63,0,22.273867595818814,single snapshot (t0 established),no source names this item
Sticker | DD | London 2018,sticker,,2018,unknown,1.784,,7,2.27,2.135,1.411,0.08132425685117228,,hist/vol/unknown,-0.21409691629955951,-0.08588994661717542,0.08132425685117228,,0.16666666666666674,0.38881278964920807,-0.3074885327980358,3y,,2026-03-05,London 2018,2018,8.166666666666742,Paper,,4,5.8100000000000005,0,3.2567264573991035,single snapshot (t0 established),no source names this item
Sticker | DeadFox (Foil) | Katowice 2019,sticker,,2019,unknown,3.965,,22,2.95,2.04,4.36,-0.03115961377576404,,hist/vol/unknown,0.3440677966101693,0.39414039858989525,-0.03115961377576404,,0.10000000000000009,0.38881278964920807,-0.4199724034249721,3y,,2026-04-06,Katowice 2019,2019,7.25,Foil,,3,14.69,0,3.7049180327868854,single snapshot (t0 established),no source names this item
Sticker | DeadFox (Gold) | Katowice 2019,sticker,,2019,unknown,52.935,,5,,,13.936499999999999,0.5602579331279134,,hist/vol/unknown,,,0.5602579331279134,,,0.38881278964920807,0.17144514347870532,3y,,2025-09-17,Katowice 2019,2019,6.6666666666667425,Gold,,1,63.85,0,1.2061962784547087,single snapshot (t0 established),no source names this item
Sticker | DickStacy (Foil) | Berlin 2019,sticker,,2019,unknown,44.479,,26,37.449,41.887,17.489,0.364991705328515,,hist/vol/unknown,0.18772196854388645,0.03047599412341051,0.364991705328515,,0.368421052631579,0.38881278964920807,-0.023821084320693076,3y,,2026-02-02,Berlin 2019,2019,7.0833333333332575,Foil,,23,33.96,0,0.7635063737943749,single snapshot (t0 established),no source names this item
Sticker | Dosia (Foil) | Krakow 2017,sticker,,2017,unknown,17.996,,6,14.508,16.0,11.042,0.17681830181507485,,hist/vol/unknown,0.2404190791287566,0.06054231410161082,0.17681830181507485,,0.5,0.38881278964920807,-0.21199448783413322,3y,,2026-01-24,Krakow 2017,2017,9.0,Foil,,0,,0,,single snapshot (t0 established),no source names this item
Sticker | Dosia (Gold) | Krakow 2017,sticker,,2017,unknown,264.001,,2,,,,,,hist/vol/unknown,,,,,,,,,,2025-07-20,Krakow 2017,2017,8.5,Gold,,3,479.44,0,1.8160537270692159,single snapshot (t0 established),no source names this item
Sticker | Dosia | Krakow 2017,sticker,,2017,unknown,4.183,,36,3.0860000000000003,1.9935,2.1525,0.24790512453071445,,hist/vol/unknown,0.35547634478289036,0.4485577442753621,0.24790512453071445,,-0.12195121951219512,0.38881278964920807,-0.14090766511849362,3y,,2026-02-01,Krakow 2017,2017,9.083333333333258,Paper,,1,3.14,0,0.7506574229022234,single snapshot (t0 established),no source names this item
Sticker | DreamEaters (Foil) | Berlin 2019,sticker,,2019,unknown,3.8715,,30,3.617,2.849,2.004,0.24545253841234693,,hist/vol/unknown,0.07036217860105065,0.16571774409496687,0.24545253841234693,,-0.25,0.38881278964920807,-0.14336025123686114,3y,,2026-05-09,Berlin 2019,2019,7.3333333333332575,Foil,,6,10.51,0,2.714710060699987,single snapshot (t0 established),no source names this item
Sticker | DreamEaters | Berlin 2019,sticker,,2019,unknown,1.28425,,110,1.415,0.4865,0.324,0.5825891650173909,,hist/vol/unknown,-0.0924028268551238,0.624738100485607,0.5825891650173909,,-0.4240837696335078,0.38881278964920807,0.19377637536818282,3y,,2026-04-19,Berlin 2019,2019,7.25,Paper,,6,10.61,0,8.261631302316527,single snapshot (t0 established),no source names this item
Sticker | ELEAGUE (Foil) | Atlanta 2017,sticker,,2017,unknown,20.679,,5,10.008,10.299,7.5375,0.3999119990714066,,hist/vol/unknown,1.0662470023980815,0.41699147536134573,0.3999119990714066,,0.6666666666666667,0.38881278964920807,0.011099209422198553,3y,,2026-01-24,Atlanta 2017,2017,9.0,Foil,,7,31.96,0,1.5455292809130037,single snapshot (t0 established),no source names this item
Sticker | ELEAGUE | Atlanta 2017,sticker,,2017,unknown,2.6992999999999996,,55,1.719,1.243,0.8975,0.4434626996695046,,hist/vol/unknown,0.5702734147760322,0.4736352891425595,0.4434626996695046,,0.0,0.38881278964920807,0.05464991002029651,3y,,2026-03-02,Atlanta 2017,2017,9.166666666666742,Paper,,19,2.54,0,0.940984699736969,single snapshot (t0 established),no source names this item
Sticker | ENCE (Foil) | Berlin 2019,sticker,,2019,unknown,2.1755000000000004,,70,1.2385000000000002,1.291,0.744,0.4299758973206076,,hist/vol/unknown,0.7565603552684701,0.29812472740521057,0.4299758973206076,,-0.25531914893617025,0.38881278964920807,0.041163107671399524,3y,,2026-02-03,Berlin 2019,2019,7.0833333333332575,Foil,,5,4.58,0,2.1052631578947363,single snapshot (t0 established),no source names this item
Sticker | ENCE (Holo) | Berlin 2019,sticker,,2019,unknown,0.643,,176,0.3485,0.4135,0.24699999999999997,0.37563961275224544,,hist/vol/unknown,0.8450502152080346,0.24700366392711226,0.37563961275224544,,-0.50974930362117,0.38881278964920807,-0.013173176896962624,3y,,2026-02-12,Berlin 2019,2019,7.0833333333332575,Holo,,20,0.35,0,0.5443234836702955,single snapshot (t0 established),no source names this item
Sticker | ESL (Foil) | Cologne 2016,sticker,,2016,unknown,22.914,,13,10.628,14.79,9.7595,0.32910037371260525,,hist/vol/unknown,1.1560030109145654,0.24470480872049616,0.32910037371260525,,0.8571428571428572,0.38881278964920807,-0.059712415936602814,3y,,2026-03-02,Cologne 2016,2016,10.166666666666742,Foil,,4,77.635,0,3.3881033429344507,single snapshot (t0 established),no source names this item
Sticker | ESL (Holo) | Cologne 2016,sticker,,2016,unknown,13.92,,33,7.641,7.448,6.5435,0.28610485054522705,,hist/vol/unknown,0.8217510797016097,0.36709842716594965,0.28610485054522705,,-0.08333333333333337,0.38881278964920807,-0.10270793910398102,3y,,2026-03-09,Cologne 2016,2016,10.166666666666742,Holo,,2,30.205,0,2.169899425287356,single snapshot (t0 established),no source names this item
Sticker | Edward (Foil) | Krakow 2017,sticker,,2017,unknown,18.395,,7,,12.697500000000002,13.13,0.1189525972743033,,hist/vol/unknown,,0.20362385156587814,0.1189525972743033,,,0.38881278964920807,-0.2698601923749048,3y,,2026-01-21,Krakow 2017,2017,9.0,Foil,,2,75.355,0,4.0964936123946725,single snapshot (t0 established),no source names this item
Sticker | EliGE | London 2018,sticker,,2018,unknown,2.2430000000000003,,21,1.8969999999999998,1.615,0.881,0.36547720671310424,,hist/vol/unknown,0.182393252503954,0.1784967073200021,0.36547720671310424,,0.6153846153846154,0.38881278964920807,-0.023335582936103827,3y,,2026-02-27,London 2018,2018,8.083333333333258,Paper,,4,13.77,0,6.139099420419081,single snapshot (t0 established),no source names this item
Sticker | Entropiq (Foil) | Stockholm 2021,sticker,,2021,unknown,17.355,,129,11.164,22.28,19.434,-0.03701215251834,,hist/vol/unknown,0.5545503403797922,-0.11741871156239692,-0.03701215251834,,0.12173913043478257,0.38881278964920807,-0.42582494216754807,3y,,2026-03-13,Stockholm 2021,2021,5.1666666666667425,Foil,,25,8.4,0,0.4840103716508211,single snapshot (t0 established),no source names this item
Sticker | Entropiq (Holo) | Stockholm 2021,sticker,,2021,unknown,13.384695238095237,,385,4.2585,11.6625,2.739,0.6969621339958298,,hist/vol/unknown,2.1430539481261563,0.07129336495269123,0.6969621339958298,,-0.6634615384615384,0.38881278964920807,0.3081493443466218,3y,,2025-12-19,Stockholm 2021,2021,4.9166666666667425,Holo,,129,9.68,0,0.7232140760627099,single snapshot (t0 established),no source names this item
Sticker | FACEIT (Foil) | London 2018,sticker,,2018,unknown,23.965,,11,14.239999999999998,12.901,7.625,0.46480291348210323,,hist/vol/unknown,0.6829353932584272,0.36294091484891466,0.46480291348210323,,1.2000000000000002,0.38881278964920807,0.07599012383289516,3y,,2026-01-31,London 2018,2018,8.0,Foil,,14,56.739999999999995,0,2.367619445023993,single snapshot (t0 established),no source names this item
Sticker | FACEIT | London 2018,sticker,,2018,unknown,1.0434999999999999,,151,1.207,1.026,0.364,0.4205734379338333,,hist/vol/unknown,-0.135459817729909,0.008492206323095441,0.4205734379338333,,-0.34913793103448276,0.38881278964920807,0.031760648284625215,3y,,2022-06-24,London 2018,2018,4.4166666666667425,Paper,,16,3.08,0,2.9516051748921903,single snapshot (t0 established),no source names this item
Sticker | FaZe Clan (Foil) | Cologne 2016,sticker,,2016,unknown,49.15,,1,34.448,29.94,30.115,0.1773715886059961,,hist/vol/unknown,0.4267882025081282,0.2812558551929687,0.1773715886059961,,-0.6666666666666667,0.38881278964920807,-0.21144120104321196,3y,,2026-02-11,Cologne 2016,2016,10.083333333333258,Foil,,11,76.63,0,1.5591047812817904,single snapshot (t0 established),no source names this item
Sticker | FaZe Clan (Foil) | MLG Columbus 2016,sticker,,2016,unknown,59.453,,3,29.145,25.3085,14.3585,0.60578809506701,,hist/vol/unknown,1.0399039286326985,0.5326877420535883,0.60578809506701,,-0.7272727272727273,0.38881278964920807,0.21697530541780197,3y,,2026-01-29,MLG Columbus 2016,2016,10.0,Foil,,11,43.08,0,0.7246059912872352,single snapshot (t0 established),no source names this item
Sticker | FaZe Clan (Holo) | Cologne 2016,sticker,,2016,unknown,35.501999999999995,,7,25.77,25.898,13.684999999999999,0.374050430860986,,hist/vol/unknown,0.377648428405122,0.17082853017064337,0.374050430860986,,-0.30000000000000004,0.38881278964920807,-0.014762358788222074,3y,,2026-03-09,Cologne 2016,2016,10.166666666666742,Holo,,21,35.79,0,1.0081122190299139,single snapshot (t0 established),no source names this item
Sticker | Flipsid3 Tactics (Foil) | Cologne 2016,sticker,,2016,unknown,50.03,,3,36.322,49.03,45.788,0.029974034274238948,,hist/vol/unknown,0.3774021254336215,0.010146363710063167,0.029974034274238948,,-0.5714285714285714,0.38881278964920807,-0.3588387553749691,3y,,2026-04-06,Cologne 2016,2016,10.25,Foil,,6,52.85,0,1.056366180291825,single snapshot (t0 established),no source names this item
Sticker | Flipsid3 Tactics (Holo) | Atlanta 2017,sticker,,2017,unknown,163.3185,,6,,74.13999999999999,48.5,0.4988720041966157,,hist/vol/unknown,,0.4841964907287204,0.4988720041966157,,5.0,0.38881278964920807,0.11005921454740764,3y,,2026-03-24,Atlanta 2017,2017,9.166666666666742,Holo,,19,121.37,0,0.7431491227264517,single snapshot (t0 established),no source names this item
Sticker | Flipsid3 Tactics (Holo) | Cologne 2016,sticker,,2016,unknown,53.93,,17,32.696,26.44,13.506499999999999,0.5864602651111184,,hist/vol/unknown,0.6494372400293615,0.42818505689291664,0.5864602651111184,,0.3076923076923077,0.38881278964920807,0.1976474754619103,3y,,2026-03-07,Cologne 2016,2016,10.166666666666742,Holo,,23,37.08,0,0.6875579454848878,single snapshot (t0 established),no source names this item
Sticker | FlyQuest (Glitter) | Shanghai 2024,sticker,,2024,unknown,0.7578303571428571,,1288,0.456,,,0.661908677944862,,hist/vol/unknown,0.661908677944862,,,,-0.8784446961117403,0.39778300330979377,0.2641256746350682,1y,,2026-01-26,Shanghai 2024,2024,2.0,Glitter,,236,0.48,0,0.6333871366801371,single snapshot (t0 established),no source names this item
Sticker | FlyQuest | Shanghai 2024,sticker,,2024,unknown,0.030621666966804732,,20293,,,,,,hist/vol/unknown,,,,,,,,,,2025-10-15,Shanghai 2024,2024,1.75,Paper,,17,0.31,0,10.123550763453014,single snapshot (t0 established),no source names this item
Sticker | Fnatic (Foil) | Atlanta 2017,sticker,,2017,unknown,102.72999999999999,,3,,,102.2,0.001725657054931995,,hist/vol/unknown,,,0.001725657054931995,,0.5,0.38881278964920807,-0.3870871325942761,3y,,2026-03-06,Atlanta 2017,2017,9.166666666666742,Foil,,2,90.74,0,0.8832862844349265,single snapshot (t0 established),no source names this item
Sticker | Fnatic (Foil) | Boston 2018,sticker,,2017,unknown,29.184,,1,53.704499999999996,18.545,34.001999999999995,-0.049657573932317844,,hist/vol/unknown,-0.4565818506829036,0.25446627278286904,-0.049657573932317844,,-0.875,0.38881278964920807,-0.4384703635815259,3y,,2024-09-20,Boston 2018,2018,6.6666666666667425,Foil,,3,63.45,0,2.1741365131578947,single snapshot (t0 established),no source names this item
Sticker | Fnatic (Foil) | Cologne 2016,sticker,,2016,unknown,36.50575,,6,16.98,25.065,13.598,0.3898312725331521,,hist/vol/unknown,1.1499263839811542,0.20683190526118977,0.3898312725331521,,0.5,0.38881278964920807,0.0010184828839440163,3y,,2026-02-28,Cologne 2016,2016,10.083333333333258,Foil,,2,84.08999999999999,0,2.303472740595659,single snapshot (t0 established),no source names this item
Sticker | Fnatic (Holo) | Cologne 2016,sticker,,2016,unknown,18.645,,20,12.497,11.704,9.122,0.26908518200693954,,hist/vol/unknown,0.4919580699367847,0.2621589094808763,0.26908518200693954,,-0.09090909090909094,0.38881278964920807,-0.11972760764226853,3y,,2026-03-11,Cologne 2016,2016,10.166666666666742,Holo,,14,15.64,0,0.8388307857334406,single snapshot (t0 established),no source names this item
Sticker | Gambit Esports | London 2018,sticker,,2018,unknown,1.26,,38,0.883,0.708,0.702,0.2152840862513392,,hist/vol/unknown,0.42695356738391843,0.33403936109439925,0.2152840862513392,,-0.39682539682539686,0.38881278964920807,-0.17352870339786886,3y,,2026-02-03,London 2018,2018,8.083333333333258,Paper,,2,3.675,0,2.9166666666666665,single snapshot (t0 established),no source names this item
Sticker | Gambit Gaming (Foil) | Atlanta 2017,sticker,,2017,unknown,32.127,,3,,38.721000000000004,49.99,-0.13703003867836594,,hist/vol/unknown,,-0.08911866231507282,-0.13703003867836594,,2.0,0.38881278964920807,-0.525842828327574,3y,,2026-02-02,Atlanta 2017,2017,9.083333333333258,Foil,,6,72.72,0,2.26351666822299,single snapshot (t0 established),no source names this item
Sticker | Gambit Gaming (Foil) | Cologne 2016,sticker,,2016,unknown,24.85,,1,,19.03,16.588,0.1442233043881831,,hist/vol/unknown,,0.14273045615677504,0.1442233043881831,,-0.5,0.38881278964920807,-0.24458948526102497,3y,,2026-03-08,Cologne 2016,2016,10.166666666666742,Foil,,4,47.42,0,1.9082494969818913,single snapshot (t0 established),no source names this item
Sticker | Gambit Gaming | Atlanta 2017,sticker,,2017,unknown,3.4805,,51,2.394,1.946,2.305,0.14724692625350566,,hist/vol/unknown,0.45384294068504594,0.3373632999654781,0.14724692625350566,,0.3783783783783783,0.38881278964920807,-0.2415658633957024,3y,,2026-04-15,Atlanta 2017,2017,9.25,Paper,,8,2.58,0,0.7412728056313748,single snapshot (t0 established),no source names this item
Sticker | GamerLegion (Glitter) | Shanghai 2024,sticker,,2024,unknown,0.12111697722567291,,3710,,,,,,hist/vol/unknown,,,,,,,,,,2025-10-23,Shanghai 2024,2024,1.75,Glitter,,243,0.31,0,2.5595090556329536,single snapshot (t0 established),no source names this item
Sticker | GamerLegion (Gold) | Shanghai 2024,sticker,,2024,unknown,1.691,,57,1.304,,,0.2967791411042944,,hist/vol/unknown,0.2967791411042944,,,,-0.9109375,0.39778300330979377,-0.1010038622054994,1y,,2026-04-14,Shanghai 2024,2024,2.25,Gold,,10,2.76,0,1.6321703134240093,single snapshot (t0 established),no source names this item
Sticker | GamerLegion (Holo) | Shanghai 2024,sticker,,2024,unknown,7.000500000000001,,251,1.7574999999999998,,,2.9832147937411104,,hist/vol/unknown,2.9832147937411104,,,,0.5398773006134969,0.39778300330979377,2.5854317904313167,1y,,2026-01-03,Shanghai 2024,2024,2.0,Holo,,59,13.28,0,1.8970073566173842,single snapshot (t0 established),no source names this item
Sticker | GamerLegion | Shanghai 2024,sticker,,2024,unknown,0.03003774396750542,,11505,,,,,,hist/vol/unknown,,,,,,,,,,2025-11-02,Shanghai 2024,2024,1.8333333333332575,Paper,,0,,0,,single snapshot (t0 established),no source names this item
Sticker | HEROIC | Shanghai 2024,sticker,,2024,unknown,0.030285714285714284,,244,0.03,,,0.00952380952380949,,hist/vol/unknown,0.00952380952380949,,,,-0.9887271887271887,0.39778300330979377,-0.3882591937859843,1y,,2026-04-19,Shanghai 2024,2024,2.25,Paper,,0,,0,,single snapshot (t0 established),no source names this item
Sticker | MLG (Foil) | MLG Columbus 2016,sticker,,2016,unknown,177.57,,9,94.07749999999999,56.7265,18.3205,1.1321156477982348,,hist/vol/unknown,0.8874863809093569,0.769260586993515,1.1321156477982348,,-0.6086956521739131,0.38881278964920807,0.7433028581490267,3y,,2026-03-11,MLG Columbus 2016,2016,10.166666666666742,Foil,,22,111.63499999999999,0,0.6286816466745508,single snapshot (t0 established),no source names this item
Sticker | MLG (Holo) | MLG Columbus 2016,sticker,,2016,unknown,59.068999999999996,,27,41.977,19.9555,8.15,0.9352363072179071,,hist/vol/unknown,0.40717535793410686,0.7204755389945594,0.9352363072179071,,-0.4375,0.38881278964920807,0.546423517568699,3y,,2026-03-11,MLG Columbus 2016,2016,10.166666666666742,Holo,,18,70.59,0,1.195043085205438,single snapshot (t0 established),no source names this item
Sticker | MLG | MLG Columbus 2016,sticker,,2016,unknown,19.637,,117,9.55,7.409,2.9530000000000003,0.8804879913042154,,hist/vol/unknown,1.0562303664921466,0.6280126407957964,0.8804879913042154,,0.08333333333333326,0.38881278964920807,0.49167520165500733,3y,,2025-10-14,MLG Columbus 2016,2016,9.75,Paper,,7,30.99,0,1.5781433009115444,single snapshot (t0 established),no source names this item
Sticker | Natus Vincere (Foil) | MLG Columbus 2016,sticker,,2016,unknown,39.05,,9,28.006,26.343,13.804,0.414290733497622,,hist/vol/unknown,0.394344069128044,0.21752504380066884,0.414290733497622,,-0.5,0.38881278964920807,0.025477943848413953,3y,,2026-01-31,MLG Columbus 2016,2016,10.0,Foil,,12,56.415,0,1.4446862996158771,single snapshot (t0 established),no source names this item
Sticker | Natus Vincere (Holo) | MLG Columbus 2016,sticker,,2016,unknown,64.658,,18,29.016,23.287,12.315999999999999,0.7380043625032195,,hist/vol/unknown,1.2283567686793493,0.666304479619553,0.7380043625032195,,0.0,0.38881278964920807,0.3491915728540115,3y,,2026-02-05,MLG Columbus 2016,2016,10.083333333333258,Holo,,22,46.635,0,0.7212564570509449,single snapshot (t0 established),no source names this item
Sticker | SK Gaming | Boston 2018,sticker,,2017,unknown,4.460333333333334,,72,2.9490000000000003,2.8045,2.413,0.22726024068462447,,hist/vol/unknown,0.5124901096416865,0.26111861380255474,0.22726024068462447,,-0.1325301204819277,0.38881278964920807,-0.1615525489645836,3y,,2026-02-03,Boston 2018,2018,8.083333333333258,Paper,,11,4.86,0,1.0896046633286003,single snapshot (t0 established),no source names this item
Sticker | Splyce (Foil) | MLG Columbus 2016,sticker,,2016,unknown,63.218,,7,42.915,40.778,22.415,0.4128650093772077,,hist/vol/unknown,0.4730979843877434,0.24510912318084865,0.4128650093772077,,-0.46153846153846156,0.38881278964920807,0.024052219727999646,3y,,2026-02-02,MLG Columbus 2016,2016,10.083333333333258,Foil,,21,58.97,0,0.932803948242589,single snapshot (t0 established),no source names this item
Sticker | Splyce (Holo) | MLG Columbus 2016,sticker,,2016,unknown,51.953,,25,31.662,36.443,13.375,0.5719507913586499,,hist/vol/unknown,0.6408628640010108,0.19398330659697116,0.5719507913586499,,-0.13793103448275867,0.38881278964920807,0.18313800170944183,3y,,2026-03-08,MLG Columbus 2016,2016,10.166666666666742,Holo,,15,51.14,0,0.9843512405443381,single snapshot (t0 established),no source names this item
Sticker | Team Liquid (Foil) | Cologne 2016,sticker,,2016,unknown,91.44,,5,49.878,59.166,40.18,0.31535231956291043,,hist/vol/unknown,0.8332731865752436,0.24317424467222915,0.31535231956291043,,-0.16666666666666663,0.38881278964920807,-0.07346047008629764,3y,,2026-03-07,Cologne 2016,2016,10.166666666666742,Foil,,12,71.86500000000001,0,0.7859251968503939,single snapshot (t0 established),no source names this item
Sticker | Tyloo (Foil) | Boston 2018,sticker,,2017,unknown,419.048,,1,,598.304,,-0.16310507756689718,,hist/vol/unknown,,-0.16310507756689718,,,,0.5939688266513692,-0.7570739042182664,2y,,2025-12-20,Boston 2018,2018,7.9166666666667425,Foil,,7,355.03,0,0.8472299116091712,single snapshot (t0 established),no source names this item
Sticker | Tyloo (Holo) | Boston 2018,sticker,,2017,unknown,175.078,,5,152.7095,188.66,115.25,0.14955621628044735,,hist/vol/unknown,0.14647746210943002,-0.03666825193924195,0.14955621628044735,,-0.2857142857142857,0.38881278964920807,-0.23925657336876072,3y,,2026-03-03,Boston 2018,2018,8.166666666666742,Holo,,18,152.10000000000002,0,0.8687556403431614,single snapshot (t0 established),no source names this item
